PSNR,SSIM,MSE,RMSE,UQI,FSIM,GMSD,VIF,BRISQUE,NIQE,PIQE,LPIPS,Entropy_Before,Entropy_After,Contrast_Before,Contrast_After,Sharpness_Before,Sharpness_After,EdgeStrength_Before,EdgeStrength_After,NoiseLevel_Before,NoiseLevel_After,Dataset,Patient_ID,Modality,Processing_Time_Sec
24.918584979475522,0.9240971234292952,0.0032221185974776745,0.056763708454237505,0.9647122621536255,0.8252969980239868,0.0005077810492366552,0.6162275075912476,2.1417171955108643,2.7154088020324707,47.14234924316406,0.06020522862672806,3.0224058672234895,3.202126361820821,0.1658744215965271,0.2389148771762848,0.0643339529633522,0.13102099299430847,0.10198748856782913,0.15478040277957916,0.20139628648757935,0.23352093994617462,Brain,BraTS20_Training_001,T2,0.489
22.685278914195806,0.9222484986033094,0.005388552322983742,0.07340675938211509,0.9669091701507568,0.8413288593292236,0.0008746482199057937,0.6474458575248718,2.9254395961761475,3.549441337585449,37.67911911010742,0.07462573796510696,3.074306109213328,3.175240493414848,0.15185528993606567,0.23603112995624542,0.15006689727306366,0.25039157271385193,0.1392890363931656,0.2064947485923767,0.30215996503829956,0.2968987226486206,Brain,BraTS20_Training_001,T1,0.781
21.591902301231375,0.901447354445045,0.00693122111260891,0.08325395553731312,0.8916880488395691,0.7812702655792236,0.0007230457849800587,0.6477187871932983,2.456047296524048,2.606947422027588,42.91398620605469,0.06784044206142426,2.8406457894331028,3.147190479374504,0.09381523728370667,0.1796334683895111,0.056745439767837524,0.13198570907115936,0.08620569854974747,0.14654870331287384,0.16398091614246368,0.2282920628786087,Brain,BraTS20_Training_001,T1CE,1.144
25.226987676375543,0.9167446759350821,0.0030012433417141438,0.05478360467981405,0.9542895555496216,0.8264648914337158,0.0004772386164404452,0.6219884753227234,2.697841167449951,2.680428981781006,39.40474319458008,0.06282822787761688,3.052771832665235,3.33315819675286,0.1217341423034668,0.19156824052333832,0.08331272006034851,0.16032131016254425,0.10952247679233551,0.17042741179466248,0.16868288815021515,0.19523099064826965,Brain,BraTS20_Training_002,T2,0.535
25.71525515598673,0.9366703089949134,0.0026820972561836243,0.051788968479625316,0.9750178456306458,0.8698970675468445,0.0005226453649811447,0.534967839717865,2.719003677368164,2.8898816108703613,38.9500846862793,0.05644100159406662,3.0672340909046802,3.1949008229544402,0.18425238132476807,0.2087640017271042,0.08693526685237885,0.15856340527534485,0.11827664077281952,0.16452579200267792,0.22874587774276733,0.24892471730709076,Brain,BraTS20_Training_001,FLAIR,1.463
22.484870630544243,0.9089613674648177,0.005643037147819996,0.07512015140972492,0.9703109860420227,0.8184646368026733,0.0009054576512426138,0.5929371118545532,2.7546112537384033,3.7369322776794434,37.38441467285156,0.08485029637813568,3.2620330668477675,3.4421410641973673,0.13875241577625275,0.23595795035362244,0.13071434199810028,0.2321334183216095,0.1431567668914795,0.21574747562408447,0.30765026807785034,0.3158915340900421,Brain,BraTS20_Training_002,T1,1.474
17.773282438612924,0.8472581875266662,0.016698280349373817,0.12922182613387653,0.7761838436126709,0.6658778190612793,0.0012912554666399956,0.771220862865448,3.149606943130493,3.1335699558258057,35.7048225402832,0.10366640985012054,2.8946476715384315,3.3677181308725075,0.06838452816009521,0.1785556823015213,0.05074821412563324,0.18900328874588013,0.07969418168067932,0.1833404153585434,0.15540282428264618,0.26003316044807434,Brain,BraTS20_Training_002,T1CE,1.492
22.78489948305905,0.9137707426618825,0.005266353953629732,0.07256964898378476,0.9451144337654114,0.8240739107131958,0.0010192987974733114,0.554185152053833,3.541111946105957,3.2977566719055176,31.63178825378418,0.07785429060459137,3.0990869087071276,3.378719789942191,0.10665694624185562,0.1787947416305542,0.09801626950502396,0.24030159413814545,0.12243235111236572,0.2002037614583969,0.20923525094985962,0.2591438591480255,Brain,BraTS20_Training_002,FLAIR,1.396
24.643024503764007,0.9221539840847929,0.0034331874921917915,0.05859340826570675,0.9341243505477905,0.807409405708313,0.00059517752379179,0.6717414855957031,2.5918219089508057,2.411548376083374,43.40835952758789,0.05792774260044098,2.627699825951544,2.8826389402840706,0.10737733542919159,0.19125694036483765,0.07147300988435745,0.14767692983150482,0.09127224236726761,0.1491498202085495,0.14762510359287262,0.18401002883911133,Brain,BraTS20_Training_003,T2,0.788
23.04007221626732,0.9174813908180891,0.004965840373188257,0.07046871911130681,0.9699053168296814,0.7943333387374878,0.0010206610895693302,0.5889896750450134,2.869429349899292,3.392141580581665,37.82505798339844,0.0760941356420517,2.772425163787969,2.970812670396979,0.12262363731861115,0.2277708649635315,0.11552486568689346,0.223192036151886,0.11741121113300323,0.19026367366313934,0.2764107584953308,0.2979009747505188,Brain,BraTS20_Training_003,T1,1.408
18.578921874088596,0.8516039663510894,0.013871001079678535,0.1177752141992471,0.7015396356582642,0.6212906241416931,0.001339318579994142,0.8056349754333496,2.895327091217041,2.4667482376098633,39.98649215698242,0.0852196216583252,2.3803433161195398,2.8536518601441663,0.05481824651360512,0.14736305177211761,0.03322871774435043,0.14337827265262604,0.05445275083184242,0.13885121047496796,0.11737166345119476,0.21564725041389465,Brain,BraTS20_Training_003,T1CE,1.412
25.752840300251883,0.9191275053511385,0.0026589855551719666,0.05156535227429331,0.9604207277297974,0.8191086649894714,0.00034267205046489835,0.657137393951416,2.114799737930298,2.398092269897461,47.37697982788086,0.05412479117512703,2.971111733395837,3.235807713755123,0.14878606796264648,0.21510842442512512,0.06558063626289368,0.11339221894741058,0.09207797050476074,0.14098039269447327,0.17090840637683868,0.19765768945217133,Brain,BraTS20_Training_004,T2,0.545
22.343585416240515,0.9201101991206223,0.005829636473208666,0.07635205611644434,0.9661000967025757,0.8312408924102783,0.0008485270664095879,0.6669446229934692,2.6566736698150635,3.4433326721191406,40.303810119628906,0.0747324526309967,3.161368024543623,3.3141907571682325,0.1417422890663147,0.22707833349704742,0.13620437681674957,0.21050262451171875,0.1308867186307907,0.19333595037460327,0.31188610196113586,0.301994651556015,Brain,BraTS20_Training_004,T1,1.463
23.010369424140148,0.9230397677961033,0.004999920725822449,0.07071011756334768,0.9698086977005005,0.8211557269096375,0.0010215200018137693,0.6618837118148804,2.7670888900756836,3.553130865097046,38.80417251586914,0.07848846912384033,2.996576982846798,3.1836241621326913,0.14573119580745697,0.25317126512527466,0.11304307729005814,0.23512762784957886,0.13230891525745392,0.2050449103116989,0.2747211158275604,0.3005363345146179,Brain,BraTS20_Training_005,T1,0.807
24.7177426622792,0.9307433305878623,0.003374626860022545,0.058091538626744474,0.9780033230781555,0.8387640714645386,0.0007715985993854702,0.5788116455078125,2.844879388809204,3.034048557281494,41.12995529174805,0.05893213674426079,2.7589090508929837,2.9149994101354766,0.12595857679843903,0.1835964024066925,0.11326055228710175,0.1978890597820282,0.10917095839977264,0.162043496966362,0.27117210626602173,0.28272271156311035,Brain,BraTS20_Training_003,FLAIR,2.039
24.638193201159886,0.9392062371558901,0.00343700940720737,0.0586260130591137,0.946590781211853,0.8748223185539246,0.0006419065175577998,0.6189245581626892,3.7547659873962402,3.1730079650878906,30.57884979248047,0.0649232342839241,2.8800078956712523,3.113273521232112,0.1471845507621765,0.2195887565612793,0.15277913212776184,0.2807602882385254,0.14571018517017365,0.2112373560667038,0.170609712600708,0.21212685108184814,Brain,BraTS20_Training_005,T2,0.506
24.56402167524432,0.9170140446698396,0.003496212651953101,0.059128780233936,0.9379011988639832,0.8251368403434753,0.0006046134512871504,0.6291635632514954,2.5989596843719482,2.495163917541504,41.38082504272461,0.057339563965797424,2.938463680818448,3.2168201516519477,0.14193902909755707,0.18101227283477783,0.05805135890841484,0.1320609748363495,0.0906614363193512,0.14591369032859802,0.16698066890239716,0.2072053700685501,Brain,BraTS20_Training_004,FLAIR,1.286
18.954271051432816,0.862742672066964,0.01272251270711422,0.11279411645610873,0.7726207971572876,0.6950694918632507,0.001077215769328177,0.8320099115371704,2.739847421646118,2.5928611755371094,40.49839782714844,0.08222009986639023,2.761622509107124,3.1828833285386757,0.06364715844392776,0.15508733689785004,0.04234086722135544,0.14536844193935394,0.06652475148439407,0.14553005993366241,0.1357470154762268,0.22751209139823914,Brain,BraTS20_Training_004,T1CE,1.871
18.425448965535093,0.8792916105121137,0.014369944110512733,0.1198747017118822,0.7674499154090881,0.7432692646980286,0.001988643780350685,0.6414738893508911,4.287713050842285,3.598458766937256,26.478700637817383,0.11048541963100433,2.8052721850098084,3.153782426242478,0.09270273894071579,0.20358651876449585,0.09091626852750778,0.34436702728271484,0.11588280647993088,0.2378198653459549,0.14366991817951202,0.24405205249786377,Brain,BraTS20_Training_005,FLAIR,0.775
26.106054923508278,0.9274888201895816,0.002451288979500532,0.04951049363014402,0.9629284739494324,0.8459765315055847,0.00038179877446964383,0.6218876242637634,2.596688747406006,2.4928507804870605,41.27906799316406,0.05265720933675766,2.874258359481256,3.0607478674014237,0.15958845615386963,0.22224672138690948,0.08255165815353394,0.14741457998752594,0.1016625463962555,0.15140283107757568,0.16997140645980835,0.19576451182365417,Brain,BraTS20_Training_006,T2,0.49
17.313914235369765,0.8500172348650968,0.018561307340860367,0.13623988894908998,0.6979348659515381,0.6552723050117493,0.0016927251126617193,0.7594521045684814,3.4364521503448486,3.049114227294922,34.4863166809082,0.10461515188217163,2.6429964759285816,3.105646291406283,0.0681888535618782,0.18301260471343994,0.0491529181599617,0.21717523038387299,0.07532720267772675,0.18150292336940765,0.13245844841003418,0.2468169927597046,Brain,BraTS20_Training_005,T1CE,1.432
24.307721516538713,0.9353859699111132,0.0037087525706738234,0.0608995284930337,0.9457743763923645,0.8810110688209534,0.0005944863078184426,0.5404123067855835,3.0311360359191895,2.681572437286377,37.15095138549805,0.05464141443371773,2.9603926167088273,3.09425082763704,0.1723143309354782,0.1896788477897644,0.08479656279087067,0.16371673345565796,0.11117484420537949,0.15525390207767487,0.18954332172870636,0.22580669820308685,Brain,BraTS20_Training_006,FLAIR,0.844
22.816352960558483,0.9203590084001696,0.005228350404649973,0.0723073329936181,0.9697291254997253,0.8345971703529358,0.0008569590281695127,0.5718534588813782,2.8114943504333496,3.515772819519043,37.742637634277344,0.07580596953630447,3.0182495287789446,3.138069979489635,0.14998678863048553,0.23003989458084106,0.13789652287960052,0.23137231171131134,0.13680467009544373,0.2008412778377533,0.29879888892173767,0.301472008228302,Brain,BraTS20_Training_006,T1,1.445
24.090367469693376,0.9213908983188266,0.0038990897592157125,0.0624426917998873,0.9662430286407471,0.8259360790252686,0.0006357348756864667,0.6012583374977112,2.773813247680664,2.915849208831787,39.152442932128906,0.06342907249927521,2.8908797820075924,3.091160066547481,0.11332454532384872,0.18429525196552277,0.09272632002830505,0.16381323337554932,0.10708601027727127,0.16285230219364166,0.22953949868679047,0.25746527314186096,Brain,BraTS20_Training_006,T1CE,1.466
25.851263776073928,0.9335043981623165,0.002599403029307723,0.050984341020628314,0.9622567892074585,0.8630747199058533,0.0004798024601768702,0.5638341903686523,3.271636724472046,2.8382766246795654,34.18278121948242,0.059280283749103546,2.8631184421971043,3.1153501832276316,0.1342761367559433,0.1980835348367691,0.11941532045602798,0.2034049928188324,0.12671497464179993,0.18188057839870453,0.1754833459854126,0.20389415323734283,Brain,BraTS20_Training_007,T2,0.841
18.490850263284138,0.8897378058770614,0.01415516622364521,0.11897548580966254,0.8013333678245544,0.7657415866851807,0.0018537481082603335,0.6047723889350891,4.303953647613525,3.576875686645508,25.824010848999023,0.10608755052089691,2.8479584445649637,3.1721469343066935,0.09698177874088287,0.20240719616413116,0.08580442517995834,0.31966957449913025,0.11739517003297806,0.22828742861747742,0.1596994400024414,0.2588002681732178,Brain,BraTS20_Training_007,FLAIR,0.847
24.520810414774076,0.9301004742645843,0.003531172638759017,0.05942367069408467,0.9511584043502808,0.856876790523529,0.0006522348267026246,0.6679359674453735,3.326338052749634,3.208017349243164,34.14273452758789,0.07012320309877396,3.0474616249360778,3.293878809289105,0.14400272071361542,0.22102561593055725,0.12725067138671875,0.25498825311660767,0.13980570435523987,0.21327979862689972,0.1770806908607483,0.21504388749599457,Brain,BraTS20_Training_008,T2,0.579
21.5012148279339,0.9107775299524588,0.007077477406710386,0.08412774457163574,0.9546482563018799,0.7977820634841919,0.0011014749761670828,0.5673633217811584,2.7822318077087402,3.612060070037842,37.601470947265625,0.08641122281551361,3.0404805432263813,3.2065571925897007,0.1445428431034088,0.2412983924150467,0.10421653091907501,0.23426412045955658,0.1291545182466507,0.20947842299938202,0.26408109068870544,0.3034551441669464,Brain,BraTS20_Training_007,T1,1.749
17.100562756662303,0.852146016987975,0.019495919346809387,0.1396277885909871,0.7153729796409607,0.6887120604515076,0.0014085422735661268,0.7495057582855225,3.3118207454681396,3.1735715866088867,34.619380950927734,0.10663299262523651,2.8382828791813757,3.2791430138609914,0.07726645469665527,0.1928412765264511,0.05333544313907623,0.21116970479488373,0.08433939516544342,0.18859130144119263,0.14118491113185883,0.25753170251846313,Brain,BraTS20_Training_008,T1CE,1.036
23.26197917407732,0.9296984541438074,0.004718479700386524,0.06869119084996653,0.9738146066665649,0.8587300777435303,0.0009059039875864983,0.6206449270248413,2.894798994064331,3.796292304992676,36.252525329589844,0.07834959030151367,3.23600726247787,3.3321114870534165,0.16735711693763733,0.2549678087234497,0.13985469937324524,0.2550257742404938,0.159966841340065,0.22518010437488556,0.2976436913013458,0.30889827013015747,Brain,BraTS20_Training_008,T1,1.21
22.807731986994956,0.9231473683336117,0.005238739307969809,0.0723791358608944,0.9045962691307068,0.8035010695457458,0.0007389949169009924,0.6417153477668762,2.608980655670166,2.6086196899414062,41.29078674316406,0.06439200788736343,2.701629703576923,2.9544650010067377,0.13055886328220367,0.22257277369499207,0.06109670177102089,0.1524214744567871,0.09235283732414246,0.15637633204460144,0.15325108170509338,0.20897126197814941,Brain,BraTS20_Training_009,T2,0.602
21.15763170538283,0.8994318911989203,0.00766014214605093,0.08752223800869657,0.8710882663726807,0.7411366701126099,0.0008918154635466635,0.7044327259063721,2.729337453842163,2.6078436374664307,40.7281608581543,0.0702696144580841,2.5730945846975306,2.877221605747875,0.08064429461956024,0.17622420191764832,0.05069722980260849,0.1463375836610794,0.07581157982349396,0.14746811985969543,0.15613330900669098,0.2266325056552887,Brain,BraTS20_Training_009,T1CE,0.867
17.586799674233536,0.8559549818050414,0.017430908977985382,0.132026167777397,0.7502856850624084,0.672354519367218,0.0016201324760913849,0.6977261900901794,3.3450684547424316,3.14105224609375,33.3426399230957,0.10375354439020157,2.739852116288893,3.121762110997199,0.07397633045911789,0.17742259800434113,0.049897827208042145,0.2078416794538498,0.08065935224294662,0.18534614145755768,0.1498298943042755,0.2575181722640991,Brain,BraTS20_Training_007,T1CE,2.635
18.80152609139716,0.8795972619440023,0.013177935034036636,0.11479518732959425,0.7055812478065491,0.7418544888496399,0.0012442321749404073,0.7462613582611084,2.8878402709960938,2.6769018173217773,38.999420166015625,0.08234551548957825,2.64924031250371,2.916149131353066,0.1160653829574585,0.2109050750732422,0.0411873497068882,0.1676117181777954,0.07747046649456024,0.15848903357982635,0.12066169083118439,0.21840226650238037,Brain,BraTS20_Training_009,FLAIR,0.865
25.53651265777239,0.9377893350344089,0.0027947870548814535,0.05286574557198123,0.9861184358596802,0.8857155442237854,0.0007069767452776432,0.5715561509132385,3.199044704437256,3.705202102661133,35.189517974853516,0.06379304081201553,3.1508491278948028,3.2526060590413364,0.17408350110054016,0.21032488346099854,0.16659533977508545,0.26899808645248413,0.15712641179561615,0.20905707776546478,0.3266906142234802,0.3229263126850128,Brain,BraTS20_Training_008,FLAIR,1.612
23.950202874774376,0.9191738244864734,0.004026982467621565,0.06345850981248743,0.9721091985702515,0.8022148609161377,0.0009521241299808025,0.6064790487289429,2.774770498275757,3.2175683975219727,39.00873947143555,0.07129183411598206,2.798260920445756,2.944170374006135,0.13548658788204193,0.21879249811172485,0.11288561671972275,0.20739786326885223,0.1153462752699852,0.18426309525966644,0.26586881279945374,0.27498748898506165,Brain,BraTS20_Training_009,T1,1.504
24.55309409469114,0.9331980718382612,0.003505020635202527,0.05920321473706075,0.9321309328079224,0.8428979516029358,0.0005633499822579324,0.6355318427085876,2.9685492515563965,2.604111433029175,38.17226028442383,0.05805979296565056,2.7320645638409458,2.9707972140122587,0.11766203492879868,0.18947164714336395,0.0929063931107521,0.18214759230613708,0.10579303652048111,0.16409891843795776,0.15125678479671478,0.19262444972991943,Brain,BraTS20_Training_010,T2,0.811
22.552316309383347,0.92638197819034,0.005556079093366861,0.07453911116566163,0.9630432724952698,0.8332329392433167,0.0008797739283181727,0.5848020315170288,2.6481246948242188,3.250211477279663,40.38704299926758,0.07107675075531006,2.909474126400719,3.060323838955008,0.14644202589988708,0.2308219075202942,0.12144192308187485,0.19603729248046875,0.12773260474205017,0.18216060101985931,0.30011826753616333,0.285721093416214,Brain,BraTS20_Training_010,T1,1.069
20.9805586627203,0.9146907861718774,0.007978920824825764,0.0893248052045218,0.8893742561340332,0.8000800609588623,0.0014175092801451683,0.602745771408081,4.075213432312012,3.389615297317505,28.547603607177734,0.08759075403213501,2.770561302916036,3.0332485157494817,0.10647488385438919,0.20329231023788452,0.10328663885593414,0.30527177453041077,0.12005611509084702,0.21575377881526947,0.17519360780715942,0.24641551077365875,Brain,BraTS20_Training_010,FLAIR,0.797
20.304636769566873,0.8815258110070119,0.009322583675384521,0.09655352751393664,0.8317955732345581,0.6920107007026672,0.0011450644815340638,0.7205914258956909,3.012932777404785,2.586441993713379,38.86886215209961,0.07748888432979584,2.549543629734041,2.9563965123650364,0.06685555726289749,0.16454190015792847,0.045881178230047226,0.15449798107147217,0.06857102364301682,0.1470654010772705,0.1449016034603119,0.2231576293706894,Brain,BraTS20_Training_010,T1CE,1.492
25.05606842768492,0.9295893236827422,0.0031217141076922417,0.05587230179339528,0.9599446058273315,0.8730314373970032,0.000557781953830272,0.7107517719268799,3.240940809249878,3.0419578552246094,35.07741165161133,0.06165669113397598,3.095498476786715,3.2472606633014354,0.16308626532554626,0.2379760891199112,0.13729000091552734,0.24027448892593384,0.138217955827713,0.19976694881916046,0.18643946945667267,0.2088576853275299,Brain,BraTS20_Training_011,T2,0.531
20.086224690147063,0.8793545105310424,0.009803418070077896,0.0990122117219785,0.762811005115509,0.7699670195579529,0.0010529570281505585,0.7269229888916016,3.3015146255493164,2.6239171028137207,36.25753402709961,0.07896175980567932,2.746466569979598,3.1321874480958485,0.07778766751289368,0.14711473882198334,0.06637535989284515,0.19709409773349762,0.0848013311624527,0.1628352850675583,0.1173602044582367,0.19911281764507294,Brain,BraTS20_Training_011,T1CE,1.281
21.196754692742864,0.9022861515517318,0.007591446861624718,0.08712890944815456,0.949122965335846,0.7809342741966248,0.0012636418687179685,0.6411877870559692,2.9955756664276123,3.752244472503662,35.2703857421875,0.09438285231590271,3.126580359176925,3.3246122072616546,0.12912338972091675,0.24507884681224823,0.10261191427707672,0.25559353828430176,0.12985578179359436,0.2238929271697998,0.2534733712673187,0.30266302824020386,Brain,BraTS20_Training_011,T1,1.508
24.982288515999347,0.9217736286727687,0.003175200428813696,0.056348916837980975,0.9548419713973999,0.8559117317199707,0.0006855237879790366,0.7083739042282104,3.4070651531219482,3.147749900817871,34.40997314453125,0.06790763139724731,3.08128966602149,3.3088620578558228,0.14878518879413605,0.22506649792194366,0.15502889454364777,0.28017303347587585,0.14191776514053345,0.2135506123304367,0.17273974418640137,0.202448770403862,Brain,BraTS20_Training_012,T2,0.498
22.71356751680029,0.9151829588424483,0.005353566724807024,0.07316807175815845,0.9705175757408142,0.8282545804977417,0.0010401604231446981,0.5838785767555237,2.8646957874298096,3.7111189365386963,36.656219482421875,0.08233202993869781,3.2301757203398465,3.403436483810621,0.14692828059196472,0.24074786901474,0.13491886854171753,0.24109891057014465,0.14868485927581787,0.21616674959659576,0.30710986256599426,0.3098902702331543,Brain,BraTS20_Training_012,T1,1.116
19.085992964774434,0.8693854791874297,0.012342431582510471,0.11109649671574019,0.7390985488891602,0.7569848895072937,0.001294224290177226,0.6542050242424011,3.2881827354431152,2.8794360160827637,34.114742279052734,0.09035860002040863,2.9142715913245594,3.250427185779071,0.10902125388383865,0.177749902009964,0.05261264741420746,0.19847816228866577,0.09162002801895142,0.180105522274971,0.1265629380941391,0.21567615866661072,Brain,BraTS20_Training_011,FLAIR,1.478
19.637968921641967,0.8846542254084254,0.010869338177144527,0.1042561181760789,0.8014268279075623,0.7920587062835693,0.0013105839025229216,0.5955799221992493,3.7259328365325928,3.130566120147705,30.51373291015625,0.09149645268917084,2.989250746413555,3.3163127173782363,0.10230487585067749,0.1764983981847763,0.08127697557210922,0.24603305757045746,0.11169379204511642,0.20037618279457092,0.14145180583000183,0.22536085546016693,Brain,BraTS20_Training_012,FLAIR,0.813
16.810367722068435,0.8352160302851238,0.0208431463688612,0.1443715566476347,0.6930022835731506,0.6551974415779114,0.0015422479482367635,0.7847517132759094,3.2413721084594727,3.118724822998047,35.046024322509766,0.10930818319320679,2.8031292791004714,3.3332934547464577,0.06460412591695786,0.17822375893592834,0.04687055945396423,0.20099188387393951,0.07666414231061935,0.18387582898139954,0.13633981347084045,0.2559933066368103,Brain,BraTS20_Training_012,T1CE,1.332
22.743376714127095,0.9256263353265684,0.005316946655511856,0.07291739611033746,0.8826141953468323,0.8600865602493286,0.0005402569659054279,0.6353276968002319,3.002363443374634,2.8306872844696045,36.35400390625,0.06433260440826416,2.9297739505674367,3.1121650904799165,0.15542733669281006,0.21797293424606323,0.09276635199785233,0.19162480533123016,0.11970655620098114,0.18117403984069824,0.14611274003982544,0.2037893831729889,Brain,BraTS20_Training_013,T2,0.594
23.26605726813868,0.9308124409148626,0.00471405079588294,0.0686589454906128,0.9718067049980164,0.8498243689537048,0.0008428040309809148,0.5930465459823608,2.861253261566162,3.589454412460327,36.441043853759766,0.07566886395215988,3.058332179832207,3.1991866616458955,0.15362705290317535,0.2432284653186798,0.1349465548992157,0.23509939014911652,0.14514102041721344,0.21066279709339142,0.28714510798454285,0.29656529426574707,Brain,BraTS20_Training_013,T1,1.045
25.29934739623688,0.9230955245248297,0.002951652742922306,0.05432911505741932,0.9631842970848083,0.852835476398468,0.000496063323225826,0.6338862180709839,3.1595308780670166,3.0203604698181152,35.02897644042969,0.06473399698734283,3.1868891285237777,3.470314016070814,0.1618899405002594,0.22913077473640442,0.12178139388561249,0.21745704114437103,0.1313948631286621,0.19558614492416382,0.1875447928905487,0.2128998190164566,Brain,BraTS20_Training_014,T2,0.534
17.893600547545226,0.8656733005912322,0.01624201610684395,0.12744416858704813,0.7794123888015747,0.6897826790809631,0.0016547187697142363,0.7145907878875732,3.5830299854278564,3.279587984085083,32.2395133972168,0.10433676838874817,2.757721406815506,3.1466380162920946,0.07934015989303589,0.1951403170824051,0.06154170632362366,0.2404320240020752,0.08784685283899307,0.19678907096385956,0.15761321783065796,0.26233944296836853,Brain,BraTS20_Training_013,T1CE,1.471
21.119343117310727,0.9119114366384705,0.007727974560111761,0.08790889920885007,0.8584593534469604,0.8183871507644653,0.0011053552152588964,0.6069555878639221,3.462390661239624,2.980024576187134,32.698055267333984,0.07790550589561462,2.868805317172721,3.132294272148035,0.11383088678121567,0.18398839235305786,0.07446536421775818,0.21809349954128265,0.10948788374662399,0.18695153295993805,0.15147516131401062,0.2221018522977829,Brain,BraTS20_Training_013,FLAIR,1.155
22.70825633590784,0.9188393784495755,0.005360118579119444,0.07321283070008593,0.9719337224960327,0.8491120338439941,0.0008558809640817344,0.6014110445976257,2.9099485874176025,3.8472635746002197,35.783199310302734,0.08160368353128433,3.389930855568749,3.4888892987479396,0.16152174770832062,0.24334819614887238,0.15110327303409576,0.25465667247772217,0.15809987485408783,0.22607411444187164,0.3094743490219116,0.31730446219444275,Brain,BraTS20_Training_014,T1,1.512
24.06698458974729,0.9228001072895168,0.003920139744877815,0.06261101935664212,0.9457501173019409,0.8593844771385193,0.0006859247223474085,0.5309995412826538,3.107868194580078,2.9265077114105225,35.08210372924805,0.06640268862247467,3.157746062524592,3.417878910504805,0.1249939426779747,0.1734820157289505,0.08804764598608017,0.18749743700027466,0.12161941826343536,0.17895084619522095,0.18449915945529938,0.22739984095096588,Brain,BraTS20_Training_014,FLAIR,1.144
24.922958789700868,0.9327658261397327,0.0032188750337809324,0.05673513050818631,0.9584424495697021,0.8660046458244324,0.000613297161180526,0.6492815017700195,3.489562511444092,3.1970181465148926,32.048667907714844,0.06693156063556671,3.189154236131073,3.383354469756888,0.15898185968399048,0.23068398237228394,0.12852154672145844,0.2524878978729248,0.13992437720298767,0.21021056175231934,0.18398697674274445,0.21898247301578522,Brain,BraTS20_Training_015,T2,0.557
18.477790425542132,0.8626869661650489,0.01419779658317566,0.11915450718783431,0.7992258071899414,0.7266972661018372,0.0012416300596669316,0.7237780690193176,3.302543878555298,3.0978617668151855,34.978092193603516,0.09648530185222626,2.9956012170947264,3.389842998977863,0.07811961323022842,0.17372341454029083,0.0650901049375534,0.21108172833919525,0.08975300937891006,0.18403933942317963,0.15482044219970703,0.2514936923980713,Brain,BraTS20_Training_014,T1CE,1.537
22.819452331636334,0.9097201091560266,0.005224620923399925,0.07228153929877203,0.9692503809928894,0.8131710290908813,0.000913105031941086,0.602863609790802,2.757819652557373,3.6981287002563477,37.46441650390625,0.08523143082857132,3.2371546067800527,3.4079242333935036,0.14080505073070526,0.2337062954902649,0.11362563818693161,0.23234401643276215,0.13904361426830292,0.21783098578453064,0.27877289056777954,0.3039637804031372,Brain,BraTS20_Training_015,T1,1.365
25.808639019214453,0.9386774406928127,0.0026250409428030252,0.05123515338908458,0.9625370502471924,0.865519106388092,0.0003874744870699942,0.6763938665390015,2.647698163986206,2.7399215698242188,41.897003173828125,0.0537567213177681,2.9741106668948576,3.16308244513344,0.1579366773366928,0.21256381273269653,0.09648588299751282,0.16834872961044312,0.11569381505250931,0.16777051985263824,0.18086272478103638,0.2124433070421219,Brain,BraTS20_Training_016,T2,0.567
17.874332911392806,0.853078336134622,0.01631423458456993,0.12772718811815256,0.7622364163398743,0.6894256472587585,0.001212314935401082,0.7473322749137878,3.10780668258667,3.0343375205993652,36.27015686035156,0.09840607643127441,2.9085449433661394,3.3380713204345622,0.07461642473936081,0.1825437992811203,0.05005010962486267,0.18454670906066895,0.08022652566432953,0.17775893211364746,0.14714372158050537,0.25134962797164917,Brain,BraTS20_Training_015,T1CE,1.611
20.901483611539685,0.9060503372887025,0.008125528693199158,0.0901417145011074,0.8585248589515686,0.8358445763587952,0.0008266614167951047,0.6305491328239441,3.0780446529388428,2.862570285797119,36.579444885253906,0.07340118288993835,3.1240148794370906,3.3304828933027286,0.14046995341777802,0.18861046433448792,0.06945153325796127,0.1845639944076538,0.10543952137231827,0.17240414023399353,0.158847838640213,0.22770573198795319,Brain,BraTS20_Training_015,FLAIR,1.233
21.79532719187142,0.9147729059994535,0.006614047102630138,0.08132679203454504,0.9564386606216431,0.8162825703620911,0.000863086839672178,0.6370256543159485,2.696897506713867,3.382934093475342,39.305519104003906,0.07901792228221893,3.0086951723196074,3.1995410394029706,0.1280411034822464,0.21886169910430908,0.13335928320884705,0.20785309374332428,0.13096989691257477,0.1949751079082489,0.30579790472984314,0.2866365611553192,Brain,BraTS20_Training_016,T1,1.583
18.07507883611215,0.8424284174568628,0.015577297657728195,0.12480904477532145,0.7244689464569092,0.6366981267929077,0.0014852005988359451,0.7943585515022278,3.1478519439697266,2.8492627143859863,36.0670051574707,0.0986369252204895,2.622058016230365,3.1144382710559726,0.060063667595386505,0.16418671607971191,0.04156063497066498,0.18224865198135376,0.06766542792320251,0.16848111152648926,0.13002058863639832,0.23289033770561218,Brain,BraTS20_Training_016,T1CE,1.592
24.951746288274617,0.9318982458544356,0.003197608981281519,0.056547404726313644,0.9552525877952576,0.8598315119743347,0.00048603900359012187,0.6264480352401733,2.8706352710723877,2.8720483779907227,37.607059478759766,0.0598982572555542,3.1309392985537268,3.340602045484621,0.15549878776073456,0.21505814790725708,0.09731551259756088,0.18205633759498596,0.11996442079544067,0.17679230868816376,0.18248017132282257,0.22082506120204926,Brain,BraTS20_Training_017,T2,0.544
23.279572863684844,0.9186955734741707,0.004699403885751963,0.0685521982561607,0.9723953604698181,0.8419074416160583,0.0008358150953426957,0.5883453488349915,2.8698298931121826,3.581212043762207,36.87968826293945,0.07641701400279999,3.2314292460956566,3.3798167842377067,0.1456459015607834,0.22673259675502777,0.13326886296272278,0.2270660102367401,0.14438769221305847,0.20797176659107208,0.30171552300453186,0.30029886960983276,Brain,BraTS20_Training_017,T1,1.456
21.266904608184085,0.9006969736212079,0.007469809148460627,0.0864280576460019,0.8808889389038086,0.7970389127731323,0.0007262582657858729,0.6638389825820923,2.885409355163574,2.725590705871582,39.05593490600586,0.07124600559473038,2.9385852431199053,3.2873133020968033,0.08939247578382492,0.16842620074748993,0.06935643404722214,0.16269449889659882,0.09210154414176941,0.15854279696941376,0.1602841466665268,0.22803254425525665,Brain,BraTS20_Training_017,T1CE,1.524
21.83346888696144,0.9090177377219053,0.006556213833391666,0.08097045037167365,0.9028776288032532,0.8292262554168701,0.0008803913369774818,0.5963613986968994,2.9882898330688477,2.8491899967193604,37.04291915893555,0.0698968768119812,3.0740096464475637,3.322865073749513,0.14898209273815155,0.18693804740905762,0.0730363205075264,0.18016143143177032,0.10305125266313553,0.16698423027992249,0.17885319888591766,0.23586954176425934,Brain,BraTS20_Training_017,FLAIR,0.93
22.667257015690694,0.9202003383818371,0.005410959478467703,0.07355922429218312,0.967566967010498,0.8200900554656982,0.0009235247853212059,0.577285885810852,2.7771694660186768,3.522848606109619,38.01409149169922,0.07839333266019821,2.9285052345049185,3.1099904382397616,0.1406317949295044,0.2421073317527771,0.1290142685174942,0.2248462289571762,0.13696154952049255,0.20286644995212555,0.3023110628128052,0.2988368272781372,Brain,BraTS20_Training_018,T1,1.392
23.171233306352978,0.9305951495342127,0.00481810886412859,0.069412598742077,0.9154779314994812,0.8437217473983765,0.0006703457911498845,0.6633281111717224,3.3256516456604004,2.8702690601348877,34.86591720581055,0.0643695518374443,2.7881669009554164,3.0355573153410162,0.12297891825437546,0.2016749531030655,0.0992584228515625,0.21614623069763184,0.11283829063177109,0.17999036610126495,0.15973027050495148,0.2140730917453766,Brain,BraTS20_Training_018,T2,0.803
24.858909590438614,0.9264339398565768,0.00326669798232615,0.05715503461923674,0.9584154486656189,0.8430306315422058,0.00037792438524775207,0.6155081391334534,2.001647710800171,2.3344926834106445,50.03662109375,0.04766276478767395,2.8916592729159443,3.050295674049076,0.1370113641023636,0.15193170309066772,0.05288724973797798,0.09744604676961899,0.08024890720844269,0.11921487003564835,0.19895823299884796,0.22846880555152893,Brain,BraTS20_Training_016,FLAIR,2.536
19.04986584304257,0.8586382350188863,0.01244552992284298,0.11155953532909224,0.6944902539253235,0.6624792814254761,0.0009780550608411431,0.7956452965736389,2.5743982791900635,2.3194661140441895,43.53328323364258,0.07862256467342377,2.4453846946415005,2.9406429619510943,0.058717820793390274,0.14436322450637817,0.0328645184636116,0.12012992054224014,0.05631432682275772,0.13106121122837067,0.10868078470230103,0.2017708420753479,Brain,BraTS20_Training_018,T1CE,1.509
22.362789300747096,0.928753078442748,0.0058039152063429356,0.0761834313111646,0.9179733991622925,0.8387277722358704,0.0009961810428649187,0.5899791121482849,3.5864341259002686,3.0897700786590576,32.275291442871094,0.07209493219852448,2.8782521341130294,3.0651339543337945,0.13118430972099304,0.19914275407791138,0.09291661530733109,0.23506611585617065,0.11729801446199417,0.18911251425743103,0.1815391182899475,0.23972897231578827,Brain,BraTS20_Training_018,FLAIR,1.033
22.240658934136512,0.9112918310945315,0.005969447083771229,0.0772621969903214,0.9638494849205017,0.7908651232719421,0.0010540863731876016,0.5948014259338379,2.735703706741333,3.432271957397461,38.6382942199707,0.08140818774700165,2.8751509020292496,3.0967366280293005,0.12313177436590195,0.2308533787727356,0.12034130841493607,0.21306467056274414,0.12387014925479889,0.19567376375198364,0.29814890027046204,0.2951068878173828,Brain,BraTS20_Training_019,T1,1.293
22.331047778991497,0.9064143702327395,0.0058464896865189075,0.0764623416233044,0.8739951848983765,0.7764447927474976,0.0007926777470856905,0.649359405040741,3.032806396484375,2.7041258811950684,36.97168731689453,0.07208061218261719,2.689265324167201,3.0161426851349575,0.10008566081523895,0.1925113946199417,0.07243957370519638,0.18462331593036652,0.09538152068853378,0.1721556931734085,0.13623037934303284,0.1965138167142868,Brain,BraTS20_Training_019,T2,0.842
20.022755841691385,0.8954115896863677,0.009947739541530609,0.09973835541821717,0.8444839715957642,0.7613010406494141,0.0015056607080623507,0.6045934557914734,3.9166197776794434,3.235355854034424,29.650144577026367,0.09211692214012146,2.728896464960307,3.047337292554729,0.09328321367502213,0.1912129819393158,0.07722006738185883,0.268144816160202,0.10470720380544662,0.2034374326467514,0.1582850217819214,0.2401963174343109,Brain,BraTS20_Training_019,FLAIR,0.842
23.99227388327899,0.929233305029823,0.003988160286098719,0.06315188268055608,0.9443354606628418,0.852997899055481,0.0006079557351768017,0.6384586095809937,2.8862671852111816,3.0841081142425537,37.33110809326172,0.06692644208669662,3.0737135572060073,3.286779823212535,0.16961370408535004,0.23956741392612457,0.1059829518198967,0.21394123136997223,0.12994231283664703,0.19640281796455383,0.18026289343833923,0.2240159958600998,Brain,BraTS20_Training_020,T2,0.537
18.48867475740273,0.8305063173781725,0.014162258245050907,0.11900528662648104,0.6926935911178589,0.5537171363830566,0.0016424262430518866,0.8725215196609497,3.0271706581115723,2.57035756111145,38.28599166870117,0.0946136936545372,2.391159990694367,2.9639473091899613,0.04505584388971329,0.15149395167827606,0.02887401171028614,0.15638694167137146,0.05139028653502464,0.15062519907951355,0.1138770580291748,0.2128210961818695,Brain,BraTS20_Training_019,T1CE,1.565
23.25295912627584,0.9377178815860381,0.004728289786726236,0.06876256093781147,0.9709182977676392,0.8575840592384338,0.0009146100492216647,0.6029233932495117,2.9743685722351074,3.5033178329467773,36.57160949707031,0.07068973034620285,2.8023693830907392,2.936199500385597,0.15534767508506775,0.2538238763809204,0.14617545902729034,0.2492048144340515,0.14252980053424835,0.20274364948272705,0.292955219745636,0.295176237821579,Brain,BraTS20_Training_021,T1,0.931
22.969132420017296,0.9218831563086981,0.005047620739787817,0.07104660962908657,0.9685278534889221,0.8408738374710083,0.0008051233016885817,0.6200217604637146,2.789546251296997,3.635136842727661,37.25498580932617,0.07902844995260239,3.165723559785338,3.276254674464859,0.15219517052173615,0.24226181209087372,0.12568937242031097,0.2390425205230713,0.14393320679664612,0.21638339757919312,0.27179065346717834,0.29426056146621704,Brain,BraTS20_Training_020,T1,1.579
19.4395267195872,0.8801690797661611,0.011377512477338314,0.10666542306360724,0.8808122873306274,0.7355964183807373,0.001414447440765798,0.6946247816085815,3.5868630409240723,3.5250401496887207,31.434654235839844,0.09995225071907043,2.964121435295199,3.239512451744695,0.09998121112585068,0.21315744519233704,0.08643609285354614,0.26789212226867676,0.10737772285938263,0.21457795798778534,0.19408108294010162,0.2758520841598511,Brain,BraTS20_Training_020,T1CE,1.585
25.583375854086704,0.936999152150876,0.002764791948720813,0.05258128896024528,0.9579165577888489,0.8576585650444031,0.0005470556207001209,0.6209536194801331,3.0782275199890137,2.722048044204712,36.4883918762207,0.0573468841612339,2.6468111687644926,2.8446445716093116,0.14770963788032532,0.22364696860313416,0.11017466336488724,0.20052681863307953,0.11863482743501663,0.1749386489391327,0.1684274524450302,0.19453229010105133,Brain,BraTS20_Training_021,T2,0.509
22.873698081917354,0.9318085540100888,0.005159767810255289,0.07183152379182338,0.9338828921318054,0.862175703048706,0.000760994094889611,0.5638194680213928,3.288837194442749,3.1665761470794678,32.75362014770508,0.07069935649633408,3.109948249296417,3.301527115710825,0.15487998723983765,0.20937475562095642,0.09743216633796692,0.21438293159008026,0.132250115275383,0.19616679847240448,0.19225741922855377,0.24098163843154907,Brain,BraTS20_Training_020,FLAIR,1.273
17.21055466883708,0.8614174750894722,0.01900835521519184,0.13787079174064332,0.6865836381912231,0.6557639837265015,0.0016513114096596837,0.7963541150093079,3.311790943145752,2.928164482116699,35.84143829345703,0.09807735681533813,2.4358281091453384,2.8873303772670553,0.0657474473118782,0.18775613605976105,0.0449097715318203,0.20116548240184784,0.06909268349409103,0.16842392086982727,0.13149221241474152,0.2487850785255432,Brain,BraTS20_Training_021,T1CE,1.209
26.725589704683536,0.9246110585136934,0.002125401748344302,0.046102079653138235,0.9598039984703064,0.8416575193405151,0.0004044791858177632,0.7364458441734314,2.4399702548980713,2.3792314529418945,44.480247497558594,0.05178032070398331,2.8854570960984165,3.1200797975823877,0.15686921775341034,0.2085237056016922,0.08613379299640656,0.14816689491271973,0.10093063116073608,0.15086470544338226,0.15192550420761108,0.174116849899292,Brain,BraTS20_Training_022,T2,0.52
16.882621206651287,0.8462166713595726,0.020499244332313538,0.14317557170241554,0.6477963328361511,0.6202661991119385,0.0026201086584478617,0.7594267725944519,3.894052028656006,3.2385568618774414,29.481426239013672,0.11569921672344208,2.471253737289842,2.92592651402672,0.06719733029603958,0.2025156319141388,0.042241569608449936,0.2768076956272125,0.0751257985830307,0.20091675221920013,0.1227794662117958,0.24587787687778473,Brain,BraTS20_Training_021,FLAIR,1.134
18.015325201703938,0.8426922699674666,0.015793103724718094,0.12567061599561807,0.6634967923164368,0.6973648071289062,0.0017259246669709682,0.7156871557235718,3.5823707580566406,2.990365505218506,31.799640655517578,0.10390090197324753,2.768557195313778,3.16337126593379,0.07485078275203705,0.16524244844913483,0.05083874240517616,0.23423977196216583,0.08443204313516617,0.19028174877166748,0.11198193579912186,0.21750961244106293,Brain,BraTS20_Training_022,FLAIR,0.836
22.641227297489745,0.9173696142212129,0.005443488247692585,0.07377999896782722,0.9701710939407349,0.825978696346283,0.000894357857760042,0.6034672260284424,2.8083126544952393,3.628918409347534,36.99347686767578,0.080448679625988,3.1282921286576015,3.255420372491343,0.14563442766666412,0.23331019282341003,0.13624508678913116,0.22756624221801758,0.139473557472229,0.20786736905574799,0.30406051874160767,0.3100489675998688,Brain,BraTS20_Training_022,T1,1.369
22.820421788678647,0.909930196275008,0.005223454441875219,0.0722734698342014,0.8662092089653015,0.8224995732307434,0.000459122471511364,0.6981220245361328,2.5819926261901855,2.1820261478424072,43.160396575927734,0.055216267704963684,2.7066036197151906,3.0370821272146378,0.0827922374010086,0.13374009728431702,0.058510977774858475,0.11917229741811752,0.07816226035356522,0.12564212083816528,0.12757733464241028,0.18512099981307983,Brain,BraTS20_Training_022,T1CE,1.49
22.457545439572712,0.9311147230957623,0.00567865464836359,0.07535684871571788,0.9641364812850952,0.8483337163925171,0.0008964766166172922,0.5994004011154175,2.6598050594329834,3.4549858570098877,39.661922454833984,0.07238204032182693,2.8036375493793537,2.970825343536579,0.15319354832172394,0.24768927693367004,0.13218088448047638,0.21815839409828186,0.13972292840480804,0.1967916637659073,0.312489777803421,0.2974138557910919,Brain,BraTS20_Training_023,T1,0.822
27.361402834551477,0.9561560048340194,0.0018359451787546277,0.042847930857331115,0.9669018387794495,0.9073549509048462,0.00041967013385146856,0.6607989072799683,3.1674020290374756,2.7924611568450928,36.776817321777344,0.04816734418272972,2.714991299563501,2.8842137443847933,0.17397913336753845,0.22914563119411469,0.15197254717350006,0.23153305053710938,0.14106827974319458,0.18482272326946259,0.16057473421096802,0.18884678184986115,Brain,BraTS20_Training_023,T2,0.482
22.33813255396234,0.9307445316875568,0.005836960393935442,0.07640000257811148,0.9195461273193359,0.8409026861190796,0.0011256951838731766,0.6000915765762329,3.6624770164489746,3.184548854827881,32.406883239746094,0.07287994027137756,2.6726372275771264,2.892266285050755,0.11080068349838257,0.18527458608150482,0.10847192257642746,0.27198225259780884,0.12135583907365799,0.19582033157348633,0.18394748866558075,0.24526911973953247,Brain,BraTS20_Training_023,FLAIR,0.919
21.114058598329024,0.8925935784019396,0.007737384177744389,0.08796240206897711,0.7708745002746582,0.7522098422050476,0.0008261230541393161,0.7583316564559937,2.569023847579956,2.1585850715637207,44.54094314575195,0.063921257853508,2.386449262800277,2.7755648509950066,0.0688169002532959,0.13640786707401276,0.043386731296777725,0.12380450963973999,0.06460428237915039,0.12457388639450073,0.10926289856433868,0.18256926536560059,Brain,BraTS20_Training_023,T1CE,1.324
23.626679510237125,0.9225382710008914,0.004338424652814865,0.0658667188556927,0.8997285962104797,0.8298555016517639,0.0004727527848444879,0.7572047114372253,2.307819128036499,2.3426427841186523,47.6067008972168,0.05520296096801758,2.896541170589207,3.1270266198654335,0.10884843021631241,0.168725848197937,0.06365665793418884,0.13071858882904053,0.0872022807598114,0.1395713984966278,0.138102725148201,0.1893857717514038,Brain,BraTS20_Training_024,T2,1.553
19.654143250933032,0.8599290239534669,0.010828932747244835,0.1040621580943084,0.7024521827697754,0.7214698791503906,0.0010243643773719668,0.6770784854888916,2.4222915172576904,2.3289475440979004,44.4681282043457,0.07700183242559433,2.7938440212495856,3.133444454811165,0.09297828376293182,0.1565813571214676,0.0301069226115942,0.1212344542145729,0.0666750818490982,0.13742299377918243,0.10722792893648148,0.19094352424144745,Brain,BraTS20_Training_024,FLAIR,1.577
22.93554203045214,0.9226037458213155,0.005086813122034073,0.07132189791385303,0.9682613611221313,0.8048170804977417,0.0010937807383015752,0.5813717842102051,2.869258165359497,3.455872058868408,37.3668212890625,0.07921040058135986,2.743552704645679,2.9134896301266706,0.13731832802295685,0.23432306945323944,0.12062859535217285,0.23323209583759308,0.12661033868789673,0.20075881481170654,0.28300097584724426,0.28965678811073303,Brain,BraTS20_Training_025,T1,1.613
24.885419985155295,0.9219274630872003,0.003246818669140339,0.05698086230604394,0.9403874278068542,0.7961442470550537,0.0008746975217945874,0.6898229718208313,2.8778293132781982,2.591054916381836,39.99629211425781,0.06465211510658264,2.563219124279768,2.8499555677547,0.11279886215925217,0.2046147882938385,0.07993818819522858,0.18642811477184296,0.09866006672382355,0.1679675281047821,0.15027037262916565,0.1822759360074997,Brain,BraTS20_Training_025,T2,0.553
22.6861572960386,0.9076547685828131,0.005387462675571442,0.07339933702405929,0.9471049904823303,0.7812706232070923,0.0005195133853703737,0.6396006941795349,1.867495059967041,2.7689695358276367,50.2007942199707,0.06585834920406342,2.9977715678351324,3.1777358222861256,0.1097600907087326,0.17722876369953156,0.0530550517141819,0.11202192306518555,0.08874203264713287,0.1453694999217987,0.2162390500307083,0.26305490732192993,Brain,BraTS20_Training_024,T1,2.627
24.687216029058767,0.9144080471201443,0.003398430533707142,0.05829605933257532,0.9349840879440308,0.8083047866821289,0.00048425066052004695,0.6430884599685669,2.47206974029541,2.2693963050842285,44.99269485473633,0.054097846150398254,2.804980027681507,3.056586784933049,0.08182714879512787,0.13397446274757385,0.05917205289006233,0.12066449970006943,0.0796046182513237,0.1284608095884323,0.155202716588974,0.19695766270160675,Brain,BraTS20_Training_024,T1CE,2.628
19.95069239255891,0.8772746186785901,0.010114182718098164,0.10056929311722422,0.7927327156066895,0.6766725778579712,0.0012703074607998133,0.7604073286056519,3.203078031539917,2.571481704711914,36.28816604614258,0.07957686483860016,2.4148228594261125,2.794828351306018,0.06257481127977371,0.1510191112756729,0.04378699138760567,0.16162191331386566,0.06572333723306656,0.1498175412416458,0.13287422060966492,0.21466124057769775,Brain,BraTS20_Training_025,T1CE,2.545
24.06482952511083,0.9309005743539613,0.003922085277736187,0.06262655409437906,0.944968581199646,0.8628324270248413,0.0004994828486815095,0.6533259153366089,2.880068778991699,2.9900383949279785,37.42899703979492,0.06358500570058823,3.2775974751649724,3.4661672095692815,0.16359172761440277,0.22236329317092896,0.09917784482240677,0.1926865577697754,0.124822236597538,0.18524974584579468,0.18309807777404785,0.22750818729400635,Brain,BraTS20_Training_026,T2,0.623
19.095219749083526,0.8689024218038542,0.012316237203776836,0.11097854388924391,0.8232020735740662,0.7251522541046143,0.0010279854759573936,0.7446606159210205,2.8711307048797607,2.975048065185547,38.89933395385742,0.0896683856844902,3.0056534668028965,3.4566316373378134,0.07951105386018753,0.18395188450813293,0.059529632329940796,0.17609348893165588,0.08702904731035233,0.1749480664730072,0.15699860453605652,0.24511349201202393,Brain,BraTS20_Training_026,T1CE,0.83
20.426405176785796,0.9045687777798688,0.009064827114343643,0.095209385642087,0.8201566338539124,0.7785467505455017,0.0013053592992946506,0.6093683838844299,3.5504612922668457,2.886432647705078,32.57795333862305,0.0809372216463089,2.5446588479609775,2.8204924429559552,0.08949294686317444,0.1716272532939911,0.0674322322010994,0.22471530735492706,0.09488074481487274,0.17890720069408417,0.1400379091501236,0.21947214007377625,Brain,BraTS20_Training_025,FLAIR,1.586
25.069650578480296,0.9396076844996311,0.0031119664199650288,0.055785001747468185,0.9869987964630127,0.8697810173034668,0.00029643732705153525,0.9501147270202637,2.436245918273926,3.3100223541259766,47.538902282714844,0.04905453324317932,3.1921547651159177,3.3224306452383825,0.17071948945522308,0.18029657006263733,0.14016182720661163,0.17577005922794342,0.11049430072307587,0.1564328968524933,0.3502427935600281,0.34913870692253113,Brain,BraTS20_Training_026,T1,1.249
20.85792647784137,0.8936149714310102,0.008207433857023716,0.0905948886914914,0.8242390751838684,0.823516845703125,0.0006527453660964966,0.6757014393806458,2.628754138946533,2.603048324584961,40.50442886352539,0.07125940173864365,3.151426546820539,3.4102808025341753,0.1369670182466507,0.18420439958572388,0.050484705716371536,0.14061161875724792,0.09269378334283829,0.15511858463287354,0.14106227457523346,0.2103724628686905,Brain,BraTS20_Training_026,FLAIR,0.827
25.01484271982418,0.9308245618299286,0.0031514884904026985,0.05613811976191132,0.9562909603118896,0.8475067615509033,0.0006113298586569726,0.6045080423355103,3.0861871242523193,2.846569061279297,35.94167709350586,0.06191825121641159,2.8783214303726927,3.0832597987924615,0.14561250805854797,0.22379688918590546,0.09789581596851349,0.19500477612018585,0.11829075217247009,0.17915309965610504,0.17714914679527283,0.21100765466690063,Brain,BraTS20_Training_027,T2,0.459
23.09732525044194,0.9233922192618391,0.004900805652141571,0.07000575442163003,0.9711442589759827,0.8321126699447632,0.0008849533624015749,0.570736825466156,2.761115312576294,3.464296817779541,38.14004898071289,0.07505643367767334,2.9703039644405003,3.129643408455059,0.14546307921409607,0.24276325106620789,0.12113673985004425,0.2152196615934372,0.13438548147678375,0.19690224528312683,0.29217684268951416,0.2990548610687256,Brain,BraTS20_Training_027,T1,0.752
19.208785483519804,0.874152472476343,0.01199834793806076,0.10953697064489579,0.8179475665092468,0.6961095333099365,0.001413432415574789,0.6859158277511597,3.1403310298919678,2.943441390991211,36.657955169677734,0.09029233455657959,2.6629039906347054,3.0554350475110725,0.07359644770622253,0.18286225199699402,0.055959515273571014,0.19524064660072327,0.07994849979877472,0.1720442771911621,0.15509982407093048,0.24459974467754364,Brain,BraTS20_Training_027,T1CE,0.777
24.984220626577628,0.9348162918159215,0.0031737880781292915,0.05633638325389101,0.9673801064491272,0.8827656507492065,0.0005856205825693905,0.7058716416358948,3.1328060626983643,3.3002588748931885,36.64350891113281,0.06291820853948593,3.2170001028532296,3.3923857982880965,0.1957140415906906,0.25562721490859985,0.15796148777008057,0.2695191502571106,0.15245525538921356,0.21343986690044403,0.22606761753559113,0.23317202925682068,Brain,BraTS20_Training_028,T2,0.492
24.41729112738171,0.9282329001742075,0.003616353729739785,0.06013612666060049,0.9575241804122925,0.8468780517578125,0.0006811749772168696,0.5323702096939087,2.738372325897217,2.690080404281616,40.29651641845703,0.057928137481212616,2.923232743082047,3.035537857670055,0.15492382645606995,0.18335935473442078,0.07691531628370285,0.15799963474273682,0.10386083275079727,0.15281520783901215,0.20324712991714478,0.23238566517829895,Brain,BraTS20_Training_027,FLAIR,1.474
17.665112683428013,0.8919725628815395,0.017119407653808594,0.13084115428185658,0.7943633794784546,0.8101337552070618,0.0018022379372268915,0.5983706712722778,4.594354629516602,4.109136581420898,23.682950973510742,0.11615146696567535,3.1629683489146174,3.4165980851181064,0.13003967702388763,0.2318318635225296,0.1316215842962265,0.4133983552455902,0.15181152522563934,0.2704409658908844,0.17163966596126556,0.280945360660553,Brain,BraTS20_Training_028,FLAIR,0.851
22.423327353303254,0.926526583300334,0.005723573267459869,0.0756543010506334,0.9625176787376404,0.8540859818458557,0.0009062091121450067,0.636252224445343,3.03047776222229,3.831052303314209,33.772037506103516,0.08201804757118225,3.3165032942693244,3.4157503324013443,0.16909444332122803,0.26376962661743164,0.12584622204303741,0.2649327516555786,0.15463073551654816,0.2312244027853012,0.25926974415779114,0.30376169085502625,Brain,BraTS20_Training_028,T1,1.365
16.797822362844876,0.8617811291661501,0.020903440192341805,0.14458022061243994,0.7526028752326965,0.7187175154685974,0.0014317763270810246,0.7396138310432434,3.368628740310669,3.6301136016845703,31.834585189819336,0.11564013361930847,3.0878843029656773,3.421020393500888,0.1017761379480362,0.2345481514930725,0.06314072012901306,0.24826188385486603,0.10434167832136154,0.22187870740890503,0.16151514649391174,0.2822652757167816,Brain,BraTS20_Training_028,T1CE,1.39
25.126333819159285,0.928223756549191,0.0030716138426214457,0.055422142169185826,0.95737624168396,0.835075855255127,0.0005049676983617246,0.6942739486694336,2.3148064613342285,2.4613099098205566,46.95817184448242,0.05353198200464249,2.651579288265776,2.7868031694374356,0.1577816903591156,0.22971108555793762,0.08386009931564331,0.14340025186538696,0.0991738960146904,0.14594563841819763,0.19228190183639526,0.2003706991672516,Brain,BraTS20_Training_029,T2,0.498
24.184778390934014,0.9352773432473607,0.0038152425549924374,0.0617676497447688,0.9746337532997131,0.8426080942153931,0.0008174705435521901,0.578581690788269,2.652322769165039,3.2054924964904785,39.787841796875,0.06569746136665344,2.8031710490966506,2.878586220571295,0.1663392037153244,0.23624353110790253,0.11025697737932205,0.195032998919487,0.12374169379472733,0.18003582954406738,0.2676343619823456,0.2810268700122833,Brain,BraTS20_Training_029,T1,1.515
22.33241040610028,0.9364093268008908,0.005844655446708202,0.07645034628246103,0.9008222222328186,0.8682663440704346,0.0008051877957768738,0.5650382041931152,3.276137351989746,2.844728946685791,34.331634521484375,0.06244035065174103,2.6582313881929576,2.850817940086608,0.14681825041770935,0.19859685003757477,0.08946269005537033,0.20243272185325623,0.11368447542190552,0.1706128567457199,0.16934648156166077,0.22772006690502167,Brain,BraTS20_Training_029,FLAIR,0.809
20.284614596104138,0.9045531320902628,0.009365662932395935,0.09677635523409597,0.847030520439148,0.7654820680618286,0.0011045084102079272,0.6631698608398438,3.203364849090576,2.78690767288208,36.8852424621582,0.07520033419132233,2.567714489300579,2.841679281731537,0.09166941791772842,0.18839706480503082,0.06541794538497925,0.18913505971431732,0.08464393019676208,0.1598633974790573,0.1573813557624817,0.23765476047992706,Brain,BraTS20_Training_029,T1CE,1.483
26.12634533958414,0.930562090019397,0.002439863048493862,0.04939496987036091,0.963702917098999,0.8575407266616821,0.0004982372629456222,0.5680715441703796,3.003441095352173,2.758309841156006,36.218017578125,0.06019767001271248,2.930308782592376,3.208827509065408,0.1414618194103241,0.20239055156707764,0.11030174791812897,0.1954575628042221,0.12255294620990753,0.17803166806697845,0.17256446182727814,0.19559864699840546,Brain,BraTS20_Training_030,T2,0.504
22.149908551675978,0.907709969183488,0.006095497403293848,0.07807366651627069,0.9611997008323669,0.7904516458511353,0.0010997047647833824,0.6162947416305542,2.825011968612671,3.6454813480377197,37.077518463134766,0.08779774606227875,3.09665911655545,3.2905776226878416,0.12890984117984772,0.22931715846061707,0.11121571063995361,0.23821550607681274,0.1286565661430359,0.21415656805038452,0.26493173837661743,0.30078309774398804,Brain,BraTS20_Training_030,T1,1.482
20.73128165432567,0.8910785747340302,0.00845029391348362,0.09192548021894484,0.8884549140930176,0.7602987289428711,0.0010889343684539199,0.6625396013259888,3.4094431400299072,3.065736770629883,33.1687126159668,0.08338940888643265,2.8506139665860406,3.199198390111034,0.0803491398692131,0.16697750985622406,0.075990229845047,0.2063058316707611,0.09699573367834091,0.18237952888011932,0.17750783264636993,0.24838830530643463,Brain,BraTS20_Training_030,T1CE,1.523
22.250864561601684,0.9217516715102977,0.005955435335636139,0.07717146710822685,0.9203300476074219,0.8414449095726013,0.0009773653000593185,0.5875731110572815,4.002758026123047,3.250523567199707,27.829357147216797,0.07727041840553284,3.0157872154871948,3.229727778886443,0.11280202865600586,0.17368610203266144,0.10650080442428589,0.25999027490615845,0.12595751881599426,0.2043992280960083,0.18491730093955994,0.24130624532699585,Brain,BraTS20_Training_030,FLAIR,1.582
13.943235952576874,0.7096800228082915,0.04033447429537773,0.20083444499233127,0.7934643030166626,0.7865250706672668,0.0014019778463989496,0.7344257831573486,3.5909228324890137,5.420989513397217,25.453205108642578,0.21585765480995178,7.22435247864442,7.756271939464754,0.18904204666614532,0.25132787227630615,0.13043594360351562,0.3898222744464874,0.22871480882167816,0.410778671503067,0.050061143934726715,0.08824877440929413,Spine,SP2,S82020_eT1W_TSE_CLEAR_20260303133117_702_i00001,2.409
15.358343825037753,0.7935203117988694,0.02911827526986599,0.17064077844954292,0.8418938517570496,0.8504151701927185,0.0009260872029699385,0.661637544631958,3.4068922996520996,5.27982759475708,26.325504302978516,0.17556241154670715,7.511731509126418,7.7615699756524394,0.21108660101890564,0.26741349697113037,0.1619938164949417,0.34825384616851807,0.2627052664756775,0.39427265524864197,0.08146041631698608,0.08171699941158295,Spine,SP2,S82020_eT1W_TSE_CLEAR_20260303133117_702_i00004,2.368
14.510004535450932,0.7437216577943744,0.035399697721004486,0.18814807392318553,0.8069395422935486,0.8192095756530762,0.0010807974031195045,0.6505733132362366,3.663145065307617,5.555178642272949,24.615903854370117,0.2004687339067459,7.435015245939941,7.782319118083499,0.2062073051929474,0.26513370871543884,0.18201133608818054,0.4051210880279541,0.2637822926044464,0.42254969477653503,0.06895718723535538,0.08789995312690735,Spine,SP2,S82020_eT1W_TSE_CLEAR_20260303133117_702_i00008,2.609
15.062010045107952,0.7308821054303268,0.031174462288618088,0.1765629131177272,0.7894261479377747,0.8091062903404236,0.001096916850656271,0.6810831427574158,3.589934825897217,5.117822647094727,25.487319946289062,0.18810543417930603,7.004062719044776,7.562414725238966,0.17542685568332672,0.24514839053153992,0.16294096410274506,0.3645954430103302,0.2374369353055954,0.3891761302947998,0.011168207973241806,0.011719997972249985,Spine,SP2,S82020_eT1W_TSE_CLEAR_20260303133117_702_i00015,1.83
13.622401031215519,0.6911814324996751,0.0434270054101944,0.20839147153901091,0.7486086487770081,0.7860891222953796,0.0011248766677454114,0.7190197706222534,3.694074869155884,5.341254711151123,25.024335861206055,0.2115481197834015,7.207190768589795,7.779701444415765,0.1864890158176422,0.25845852494239807,0.15374112129211426,0.38195163011550903,0.23060081899166107,0.4047614634037018,0.04869319498538971,0.08203998953104019,Spine,SP2,S82020_eT1W_TSE_CLEAR_20260303133117_702_i00012,2.457
14.52977069984935,0.7107674714082841,0.035238947719335556,0.18772039771781743,0.7568415403366089,0.7939994931221008,0.0012423491571098566,0.7190237641334534,3.920898675918579,5.018890380859375,24.330612182617188,0.19203251600265503,6.793476165309798,7.505797600284877,0.1752127707004547,0.23887446522712708,0.16570493578910828,0.38398027420043945,0.2262667566537857,0.3820701837539673,0.008290287107229233,0.0,Spine,SP2,S82020_eT1W_TSE_CLEAR_20260303133117_702_i00018,1.38
14.809564085210203,0.7671664975629274,0.03304027020931244,0.18176982755482946,0.8630236387252808,0.8713595271110535,0.0008209156221710145,0.6534969806671143,3.8036577701568604,5.834694862365723,23.68475914001465,0.18649032711982727,7.413549585505743,7.802323389905358,0.24065472185611725,0.306178480386734,0.22924423217773438,0.4287829101085663,0.29939478635787964,0.4303690493106842,0.0244829673320055,0.04085849970579147,Spine,SP2,S82020_eT2W_TSE_DRIVE_HR_20260303133117_602_i00008,1.923
16.88343307732145,0.8205203321686447,0.02049541287124157,0.14316219078807635,0.9154548048973083,0.897857129573822,0.0006468762294389307,0.6562103033065796,3.5094552040100098,5.550399303436279,25.548006057739258,0.15294474363327026,7.480381694579786,7.747410135380318,0.26419880986213684,0.30936941504478455,0.2148352712392807,0.37398529052734375,0.2989557385444641,0.40034767985343933,0.02556171640753746,0.04085849970579147,Spine,SP2,S82020_eT2W_TSE_DRIVE_HR_20260303133117_602_i00001,1.96
19.74143507699474,0.8001851812974589,0.010613447986543179,0.10302158990494749,0.8965833783149719,0.8647801280021667,0.0003498665173538029,1.0235179662704468,1.6442617177963257,3.0632221698760986,47.42151641845703,0.08857899904251099,6.163746206198555,6.680034777003892,0.17634767293930054,0.2300429791212082,0.044008754193782806,0.09471438080072403,0.12898050248622894,0.19129885733127594,0.18753008544445038,0.0,Spine,SP2,S82020_eeSTIR_TSE_COR_20260303133117_302,4.532
16.79598359106424,0.8159406282216435,0.0209122933447361,0.144610834119495,0.9221972227096558,0.89371258020401,0.0007126832497306168,0.6364466547966003,3.5883097648620605,5.685230255126953,24.815814971923828,0.15813657641410828,7.453478992965577,7.758282338390687,0.26583051681518555,0.31746992468833923,0.2220950722694397,0.37840843200683594,0.30826178193092346,0.40978410840034485,0.029474740847945213,0.046695418655872345,Spine,SP2,S82020_eT2W_TSE_DRIVE_HR_20260303133117_602_i00004,2.315
14.9666823913911,0.7410518208988104,0.03186630830168724,0.17851136742988452,0.839783787727356,0.8647466897964478,0.0007589430897496641,0.6698814630508423,3.64943790435791,5.471140384674072,25.317588806152344,0.18053601682186127,7.3012335204833825,7.780971044917158,0.2202010154724121,0.2932635247707367,0.2005963772535324,0.3937934339046478,0.2705162763595581,0.4004751145839691,0.02010277472436428,0.04085849970579147,Spine,SP2,S82020_eT2W_TSE_DRIVE_HR_20260303133117_602_i00012,1.792
13.516624472622272,0.6817496677111193,0.044497694820165634,0.21094476722631836,0.7486070394515991,0.8192732930183411,0.0010989640140905976,0.721468985080719,3.8807499408721924,5.70136022567749,23.659088134765625,0.21472309529781342,7.069936036309937,7.710363941949818,0.18030497431755066,0.2849215269088745,0.1740657240152359,0.43007758259773254,0.2548663318157196,0.42767438292503357,0.007082387339323759,0.01167385559529066,Spine,SP2,S82020_eT2W_TSE_DRIVE_HR_20260303133117_602_i00015,1.839
13.20398811600607,0.6598482957720385,0.04781907796859741,0.2186757370368222,0.7044950723648071,0.7984327673912048,0.0013112303568050265,0.7790389657020569,3.8946573734283447,5.432709693908691,24.311325073242188,0.21819835901260376,6.94891550158535,7.596485695594784,0.16397252678871155,0.26957622170448303,0.1492469757795334,0.4181593060493469,0.22911806404590607,0.4084773063659668,0.004744254518300295,0.0,Spine,SP2,S82020_eT2W_TSE_DRIVE_HR_20260303133117_602_i00018,1.881
20.65230122599435,0.8638787085708276,0.00860537588596344,0.09276516526133849,0.9335825443267822,0.8793689012527466,0.0006815390079282224,0.721148669719696,2.3919365406036377,3.5084235668182373,42.92160415649414,0.0764385461807251,4.6793747953598075,4.964901725385813,0.21872425079345703,0.29947322607040405,0.09814630448818207,0.18916913866996765,0.14650070667266846,0.20234926044940948,0.24049441516399384,0.0,Spine,SP2,S82020_T1W_TSE_sag_20260303133117_501,2.374
17.06645527688606,0.610566970601093,0.019649634137749672,0.140177152695258,0.7982279062271118,0.8475794196128845,0.0004451062995940447,1.0813331604003906,1.302382230758667,2.822629451751709,60.711143493652344,0.08162196725606918,4.59420286341817,4.971101148164598,0.1875109225511551,0.28606975078582764,0.03709999471902847,0.08571112155914307,0.09101583808660507,0.13922831416130066,0.1894073784351349,0.0,Spine,SP2,S82020_eT2W_TSE_CLEAR_20260303133117_402,5.096
17.40278446992267,0.5465976882782326,0.018185347318649292,0.13485305824729854,0.814932644367218,0.805057168006897,0.00045623883488588035,0.9806744456291199,1.6379762887954712,2.861668348312378,55.782352447509766,0.10077685862779617,4.913078860330986,5.408975911554426,0.1565946489572525,0.2709032893180847,0.048276789486408234,0.10043997317552567,0.09197796136140823,0.15071521699428558,0.0,0.0,Spine,SP2,S82020_MobiView_SURVEY_SAG_20260303133117_202,2.317
16.985768670440976,0.7102352114041518,0.020018113777041435,0.14148538361626417,0.8238075971603394,0.8253117203712463,0.0008294397848658264,0.7942995429039001,2.597111701965332,3.9027414321899414,35.0083122253418,0.1369362771511078,6.341205333797411,7.073045915481742,0.1754164844751358,0.24000248312950134,0.08178161084651947,0.2026292085647583,0.17069153487682343,0.27027270197868347,0.0,0.0,Spine,SP3,S82021_eeT2_SPAIR_cor_20260303142846_502,2.936
19.94272044603215,0.8323384016727476,0.010132765397429466,0.10066163816186117,0.8604123592376709,0.8768395185470581,0.00039310191641561687,0.8362632989883423,2.0130910873413086,2.7277464866638184,50.93132781982422,0.06481580436229706,4.17633354621869,4.4692598047883525,0.21655966341495514,0.2507781982421875,0.07364073395729065,0.13251613080501556,0.10635556280612946,0.14792492985725403,0.1913154572248459,0.0,Spine,SP3,S82021_eT1W_TSE_20260303142846_403,1.879
15.558399003485095,0.7814397211387157,0.027807381004095078,0.16675545269674116,0.8440502285957336,0.8417013883590698,0.001134334597736597,0.6662608981132507,3.920276165008545,5.441867828369141,23.62943458557129,0.1873684972524643,7.422420285778271,7.779184506002616,0.19743786752223969,0.26983779668807983,0.15873458981513977,0.3958379626274109,0.2608599066734314,0.4092658460140228,0.02864888310432434,0.03502156212925911,Spine,SP3,S82021_eT1W_TSE_CLEAR_20260303142846_702_i00001,1.638
18.28981316191956,0.8309988333337376,0.014825819060206413,0.1217613200495396,0.8538128733634949,0.854866623878479,0.0007238074904307723,0.8240474462509155,2.5283498764038086,3.227931499481201,43.769561767578125,0.08367924392223358,4.5020187375590845,4.755026832629555,0.1909942626953125,0.2831399142742157,0.09228653460741043,0.1912563145160675,0.12062259018421173,0.18153303861618042,0.2025572508573532,0.0,Spine,SP3,S82021_eT1W_TSE_20260303142846_404,2.674
14.293467660705673,0.7239452194937468,0.03720944747328758,0.19289750509866005,0.7864536046981812,0.8213634490966797,0.0009681235533207655,0.6638757586479187,3.1351566314697266,5.0084733963012695,27.831809997558594,0.1858014464378357,7.227552122607764,7.754151602291884,0.19067011773586273,0.29031190276145935,0.10758529603481293,0.28974801301956177,0.21639609336853027,0.3552614748477936,0.014343339018523693,0.02929999679327011,Spine,SP3,S82021_eT1W_TSE_CLEAR_20260303142846_702_i00007,2.745
15.081411400358993,0.7285713396601677,0.03103550709784031,0.1761689731418115,0.7918325662612915,0.8193818926811218,0.0013070421991869807,0.6788420677185059,4.003692150115967,5.227084159851074,23.490585327148438,0.18454840779304504,7.011145856054502,7.540555873443861,0.1882006973028183,0.26316243410110474,0.1576196551322937,0.39440274238586426,0.2389049232006073,0.39112505316734314,0.003453213954344392,0.0,Spine,SP3,S82021_eT1W_TSE_CLEAR_20260303142846_702_i00019,1.462
18.150263495726385,0.8002437104516029,0.015309944748878479,0.12373336150318749,0.9129374623298645,0.8857014179229736,0.000602991261985153,0.5534654855728149,3.8233048915863037,4.993776798248291,24.05137062072754,0.138891339302063,7.392673284255055,7.607968533646049,0.25845304131507874,0.291681170463562,0.18595770001411438,0.33032330870628357,0.26126813888549805,0.3531176745891571,0.01117121335119009,0.005859998986124992,Spine,SP3,S82021_eT1W_TSE_CLEAR_20260303142846_702_i00010,2.67
15.847108167296044,0.7644709429278373,0.026018915697932243,0.16130379939087686,0.8117756843566895,0.830070972442627,0.001004944322630763,0.6857110857963562,3.8825526237487793,4.818934440612793,24.640338897705078,0.16470134258270264,6.767748467333037,7.270161744210935,0.18191979825496674,0.25372689962387085,0.15090671181678772,0.3398098051548004,0.22331324219703674,0.35416024923324585,0.0012606970267370343,0.0,Spine,SP3,S82021_eT1W_TSE_CLEAR_20260303142846_702_i00025,1.388
16.462431600612902,0.7754068127245903,0.022581711411476135,0.15027212453238337,0.883122980594635,0.8640271425247192,0.0008645724155940115,0.5947188138961792,3.828935384750366,4.999790191650391,24.49802589416504,0.1514379233121872,7.216526317076901,7.482049760619709,0.2382822185754776,0.3088779151439667,0.1581486612558365,0.32908135652542114,0.2367648184299469,0.34503722190856934,0.004483608063310385,0.0,Spine,SP3,S82021_eT1W_TSE_CLEAR_20260303142846_702_i00013,2.595
16.07902741798914,0.782712423933506,0.024665916338562965,0.15705386444963068,0.8588875532150269,0.8596705198287964,0.0009105405770242214,0.5785394310951233,3.7738938331604004,5.237062454223633,24.007944107055664,0.1626015603542328,7.280824021899305,7.546508015502194,0.22851529717445374,0.3007456958293915,0.16659387946128845,0.3471849858760834,0.2574036717414856,0.37313127517700195,0.005485956557095051,0.0,Spine,SP3,S82021_eT1W_TSE_CLEAR_20260303142846_702_i00016,2.51
15.967458590991797,0.7783518701999187,0.025307783856987953,0.15908420366896253,0.8191524744033813,0.8162345290184021,0.0011072681518271565,0.8668584227561951,3.1936042308807373,4.783009052276611,29.503799438476562,0.16949614882469177,7.139496567447123,7.418692475445536,0.19030751287937164,0.24407145380973816,0.12133349478244781,0.318329393863678,0.2129717767238617,0.3551478087902069,0.005532013718038797,0.0,Spine,SP3,S82021_eT1W_TSE_CLEAR_20260303142846_802_i00001,2.665
14.68441408284102,0.7244465930175781,0.03400623798370361,0.18440780347833335,0.7795327305793762,0.8118857145309448,0.00119088648352772,0.8818647265434265,3.3775076866149902,5.098921298980713,28.584606170654297,0.18086528778076172,6.977977524438569,7.497461695536138,0.18949578702449799,0.27032479643821716,0.14037692546844482,0.36403021216392517,0.22030071914196014,0.37472760677337646,0.0017119856784120202,0.0,Spine,SP3,S82021_eT1W_TSE_CLEAR_20260303142846_802_i00018,1.553
14.440921301865226,0.732726158830164,0.035967305302619934,0.18965048194671147,0.8164237141609192,0.807260274887085,0.0010186567669734359,0.8603835105895996,2.9766600131988525,4.976339817047119,30.46493148803711,0.17943450808525085,7.249732477805626,7.685062045188599,0.21651853621006012,0.2923537790775299,0.11332865804433823,0.307513028383255,0.20451709628105164,0.35145556926727295,0.007823639549314976,0.005836927331984043,Spine,SP3,S82021_eT1W_TSE_CLEAR_20260303142846_802_i00006,2.652
14.669739704314733,0.7424986203528526,0.03412133455276489,0.1847196106339684,0.8177207112312317,0.8137550950050354,0.0009763095295056701,0.8338771462440491,3.1031157970428467,4.769184589385986,30.440217971801758,0.16464853286743164,7.058021304398804,7.475771862161283,0.22424982488155365,0.300279438495636,0.11532168090343475,0.2946992516517639,0.19351407885551453,0.3261605501174927,0.003774868557229638,0.0,Spine,SP3,S82021_eT1W_TSE_CLEAR_20260303142846_802_i00009,2.637
15.603750885716627,0.7879863247218132,0.027518508955836296,0.16588703673233873,0.8463574647903442,0.8353107571601868,0.0010163148399442434,0.8090215921401978,3.2103161811828613,5.189516067504883,29.706787109375,0.16249579191207886,7.1311389894429915,7.456688113075048,0.22562141716480255,0.30410176515579224,0.14478109776973724,0.33472827076911926,0.23182781040668488,0.3664029836654663,0.0020157441031187773,0.0,Spine,SP3,S82021_eT1W_TSE_CLEAR_20260303142846_802_i00015,2.596
15.752716089088397,0.7786469816891551,0.026590615510940552,0.16306629176792042,0.8563240170478821,0.8337081074714661,0.0009251905139535666,0.8242385387420654,3.100032091140747,4.734932899475098,30.96365737915039,0.1482798159122467,6.9492514887607815,7.379755826672988,0.23132432997226715,0.3059554398059845,0.12009178102016449,0.28869062662124634,0.19943806529045105,0.3194664716720581,0.0020548575557768345,0.0,Spine,SP3,S82021_eT1W_TSE_CLEAR_20260303142846_802_i00012,2.631
15.944356250563423,0.7818371683745384,0.02544276975095272,0.15950789871022913,0.8249607086181641,0.8294630646705627,0.0010395372519269586,0.8616136312484741,3.5903255939483643,4.980964660644531,27.75581932067871,0.16154634952545166,6.754227952955601,7.255266886793635,0.19050252437591553,0.259048193693161,0.16274535655975342,0.3676539361476898,0.22785057127475739,0.367027223110199,0.0009728213190101087,0.0,Spine,SP3,S82021_eT1W_TSE_CLEAR_20260303142846_802_i00023,1.448
17.93838853799167,0.8099869056498079,0.01607537642121315,0.1267887077827247,0.7929319143295288,0.8664492964744568,0.0007384306518360972,0.7883309125900269,2.737128973007202,3.272681713104248,40.893619537353516,0.08502086997032166,4.155469473479455,4.496557836507415,0.20426008105278015,0.2719692885875702,0.09954545646905899,0.21838223934173584,0.12815701961517334,0.19197624921798706,0.18126583099365234,0.0,Spine,SP3,S82021_eT2W_TSE_20260303142846_303,1.595
16.4091955978154,0.5765559028538276,0.022860221564769745,0.15119597072928148,0.7683210372924805,0.8483174443244934,0.0008734281873330474,0.8038750290870667,2.7258312702178955,3.3501529693603516,40.660621643066406,0.0994306355714798,4.45466512093806,4.751775911638939,0.1814916729927063,0.28790485858917236,0.088359534740448,0.20410962402820587,0.12388044595718384,0.19106298685073853,0.18682055175304413,0.0,Spine,SP3,S82021_eT2W_TSE_20260303142846_304,2.778
16.956787178932945,0.7994428398493674,0.020152145996689796,0.14195825441547877,0.8957877159118652,0.8991144299507141,0.0007123537361621857,0.49611881375312805,4.052493572235107,5.251171112060547,19.6375732421875,0.15566377341747284,7.353897741989863,7.679135713292812,0.23413269221782684,0.30095311999320984,0.17742346227169037,0.3268808424472809,0.2911922037601471,0.37464001774787903,0.02199673093855381,0.023347709327936172,Spine,SP3,S82021_eT2W_TSE_DRIVE_HR_20260303142846_602_i00006,2.662
15.597948739459653,0.7425486069370345,0.027555299922823906,0.1659978913204138,0.8449686765670776,0.8767325282096863,0.0008810225990600884,0.5282430648803711,4.320300579071045,5.1502275466918945,18.848220825195312,0.1685807704925537,6.999679107311422,7.495894094827318,0.21410943567752838,0.2914051413536072,0.16039705276489258,0.35249730944633484,0.2564411163330078,0.3693181872367859,0.011091618798673153,0.0,Spine,SP3,S82021_eT2W_TSE_DRIVE_HR_20260303142846_602_i00011,2.801
14.207412018596,0.722414021568768,0.03795411065220833,0.1948181476459735,0.8232218027114868,0.8510745763778687,0.001052483799867332,0.5504744052886963,3.8463563919067383,5.079761505126953,22.103483200073242,0.19126802682876587,7.194102562289688,7.660737513464712,0.20794391632080078,0.28711962699890137,0.13251817226409912,0.3274518847465515,0.2424958050251007,0.36441531777381897,0.02385760471224785,0.04069826379418373,Spine,SP3,S82021_eT2W_TSE_DRIVE_HR_20260303142846_602_i00001,3.163
18.544220042267867,0.8061792588285944,0.013982280157506466,0.11824669195164178,0.9334753751754761,0.9172213077545166,0.0005727066891267896,0.4672582149505615,4.424026966094971,5.352392196655273,18.662391662597656,0.13659997284412384,7.207173760862311,7.455491771434007,0.2666958272457123,0.31570032238960266,0.2511453330516815,0.3765890598297119,0.3166360557079315,0.37738582491874695,0.0,0.0,Spine,SP3,S82021_eT2W_TSE_DRIVE_HR_20260303142846_602_i00016,2.055
16.97616712693485,0.7925382737157212,0.020062418654561043,0.14164186759062816,0.9009312391281128,0.9021595120429993,0.000752373831346631,0.49371686577796936,4.569622039794922,5.677306175231934,18.129714965820312,0.16018423438072205,7.2750721876102915,7.599000062539499,0.23763561248779297,0.3090445101261139,0.23948951065540314,0.4252280294895172,0.3177597224712372,0.4132077991962433,0.008545128628611565,0.0,Spine,SP3,S82021_eT2W_TSE_DRIVE_HR_20260303142846_602_i00020,1.86
14.201325252532762,0.7445683787083056,0.03800734132528305,0.1949547160888473,0.8008703589439392,0.8405835032463074,0.0011089816689491272,0.7904570698738098,3.5054266452789307,4.969170570373535,26.988126754760742,0.18084706366062164,7.128339878786385,7.510856480975583,0.19559326767921448,0.28601211309432983,0.12484356015920639,0.32491829991340637,0.2205234169960022,0.35390862822532654,0.0067775072529911995,0.0,Spine,SP3,S82021_eT2W_TSE_DRIVE_HR_20260303142846_902_i00001,2.002
16.728903459011264,0.7942785418331897,0.021237807348370552,0.14573197092049003,0.8824953436851501,0.9038510918617249,0.0008066672598943114,0.5213680267333984,4.543339252471924,5.650338172912598,19.175018310546875,0.16006025671958923,7.226254264839939,7.5541663932499725,0.22041811048984528,0.29230549931526184,0.26130151748657227,0.46259209513664246,0.3226602077484131,0.4188758432865143,0.004129748325794935,0.0,Spine,SP3,S82021_eT2W_TSE_DRIVE_HR_20260303142846_602_i00024,2.699
12.574301710273081,0.6749928938821164,0.055280230939388275,0.23511748327036056,0.7382093667984009,0.8010164499282837,0.0012111125979572535,0.7954755425453186,3.0529749393463135,4.869669437408447,29.691850662231445,0.2050163447856903,7.003814311236093,7.585884306226949,0.19452624022960663,0.305826336145401,0.09356360882520676,0.28367504477500916,0.1913355141878128,0.3340508043766022,0.009753813035786152,0.005836927331984043,Spine,SP3,S82021_eT2W_TSE_DRIVE_HR_20260303142846_902_i00006,2.15
16.092761906931173,0.7459345469987096,0.02458803355693817,0.1568057191461401,0.8661641478538513,0.9001693725585938,0.0007415298605337739,0.520430326461792,4.508676052093506,5.538322925567627,20.253780364990234,0.16113893687725067,7.064671594688876,7.365353018924148,0.21593940258026123,0.29548177123069763,0.26840320229530334,0.4567054510116577,0.3100588023662567,0.4060908854007721,0.0,0.0,Spine,SP3,S82021_eT2W_TSE_DRIVE_HR_20260303142846_602_i00029,3.037
17.244391272560037,0.7870349226302242,0.0188608318567276,0.13733474380770366,0.8894990086555481,0.9047079086303711,0.0006984520005062222,0.5424325466156006,4.077489852905273,5.269745826721191,22.519975662231445,0.14651310443878174,6.95746460784588,7.26159969360129,0.2158040553331375,0.2867782711982727,0.24607323110103607,0.41432225704193115,0.2969045341014862,0.3835776448249817,0.0,0.0,Spine,SP3,S82021_eT2W_TSE_DRIVE_HR_20260303142846_602_i00034,3.066
14.240785686477329,0.7364071002330279,0.03766356036067009,0.19407101885822645,0.8085353374481201,0.8460328578948975,0.0009729746961966157,0.7327841520309448,3.3227317333221436,4.852205276489258,28.010053634643555,0.1708800196647644,6.965448334749842,7.4016093736087365,0.21839451789855957,0.3088408410549164,0.12656468152999878,0.30109116435050964,0.21103069186210632,0.330595463514328,0.007153581362217665,0.0,Spine,SP3,S82021_eT2W_TSE_DRIVE_HR_20260303142846_902_i00011,3.218
17.192586655238348,0.6579220800466835,0.019087160006165504,0.1381562883337762,0.7090874314308167,0.8177822232246399,0.0008127327891997993,0.7842913269996643,2.8648829460144043,3.5120208263397217,35.073787689208984,0.11963192373514175,5.334499511392925,5.907479088289377,0.14715604484081268,0.230818510055542,0.08565302193164825,0.21156509220600128,0.1428481936454773,0.23579296469688416,0.14206402003765106,0.0,Spine,SP5,S82023_eSTIR_longTE_20260303153859_502,0.756
17.481800195889633,0.8296037756906834,0.017857473343610764,0.13363185751762474,0.918729305267334,0.9020430445671082,0.0006593568250536919,0.644631564617157,3.471673011779785,5.069398880004883,27.722423553466797,0.1332753449678421,7.193767971787928,7.472166459781496,0.26464617252349854,0.3261907994747162,0.19755300879478455,0.33455410599708557,0.26382938027381897,0.34322696924209595,0.002402884652838111,0.0,Spine,SP3,S82021_eT2W_TSE_DRIVE_HR_20260303142846_902_i00016,1.779
15.64757753594784,0.7774492465582213,0.027242204174399376,0.16505212562823715,0.8641386032104492,0.8716464638710022,0.0009921824093908072,0.7114708423614502,3.584001302719116,5.309603691101074,26.48207664489746,0.16489359736442566,7.233767517785278,7.577393576180267,0.22143061459064484,0.30836060643196106,0.16765087842941284,0.3708435595035553,0.2555693984031677,0.3767741024494171,0.0060761459171772,0.0,Spine,SP3,S82021_eT2W_TSE_DRIVE_HR_20260303142846_902_i00020,2.01
16.03164996266336,0.8004971061189915,0.02493647113442421,0.15791285930672083,0.862667441368103,0.8929381370544434,0.0008168515050783753,0.7153888940811157,3.791722297668457,5.39457368850708,25.388059616088867,0.1558130830526352,7.257673469264978,7.539630802092355,0.21518799662590027,0.28774309158325195,0.2181287556886673,0.41257917881011963,0.28572943806648254,0.39558011293411255,0.004164549987763166,0.0,Spine,SP3,S82021_eT2W_TSE_DRIVE_HR_20260303142846_902_i00024,3.115
16.886529187428735,0.8120249056985774,0.0204808060079813,0.1431111666082745,0.8893176317214966,0.903132438659668,0.0006587121170014143,0.6927670836448669,3.9344098567962646,5.4723052978515625,25.119518280029297,0.14344364404678345,7.141409655839297,7.331115696401595,0.22970569133758545,0.2955998480319977,0.2644132971763611,0.43095505237579346,0.3030344247817993,0.3994239568710327,0.002434449503198266,0.0,Spine,SP3,S82021_eT2W_TSE_DRIVE_HR_20260303142846_902_i00029,3.221
18.22466600883519,0.8183328262421798,0.015049893409013748,0.12267800703065626,0.750533938407898,0.8683502078056335,0.0006678509525954723,0.7819080352783203,2.5275533199310303,3.0659031867980957,44.101139068603516,0.08014422655105591,3.7881911782880873,4.137185379841767,0.1798470914363861,0.25183969736099243,0.09254039824008942,0.1925330013036728,0.12475541234016418,0.18217837810516357,0.15369556844234467,0.0,Spine,SP5,S82023_eT2W_TSE_20260303153859_303,1.712
17.13975363351689,0.6499182461509891,0.0193207785487175,0.1389992034103703,0.6646885275840759,0.8011351227760315,0.0009110629325732589,0.971110999584198,2.2821593284606934,2.819180965423584,48.69830322265625,0.0878245085477829,3.6107339250330996,4.060525090373603,0.14799579977989197,0.24055659770965576,0.05968242883682251,0.16525046527385712,0.09321624040603638,0.16164299845695496,0.13293583691120148,0.0,Spine,SP5,S82023_eT1W_TSE_20260303153859_403,2.23
15.844624948046729,0.7651150881331067,0.02603379637002945,0.16134991902703097,0.6219935417175293,0.7638905644416809,0.0010028508258983493,1.0216542482376099,2.2121407985687256,3.075270175933838,47.243438720703125,0.10384678840637207,4.03053397798557,4.516157378867142,0.13353128731250763,0.25634485483169556,0.054151978343725204,0.16946159303188324,0.09486767649650574,0.1797270029783249,0.1305333524942398,0.0,Spine,SP5,S82023_eT1W_TSE_20260303153859_404,2.372
16.210607150438033,0.5262583885771104,0.023929812014102936,0.15469263723300775,0.6103511452674866,0.818873405456543,0.0009176618186756968,0.8225895762443542,2.4823594093322754,3.0740485191345215,44.033634185791016,0.10142861306667328,4.031924540492224,4.4672485167395095,0.14425572752952576,0.24594464898109436,0.07752392441034317,0.19056835770606995,0.11320416629314423,0.18443264067173004,0.1300462931394577,0.0,Spine,SP5,S82023_eT2W_TSE_20260303153859_304,1.707
16.45209892339246,0.8063104330098706,0.022635500878095627,0.15045099161552783,0.8799412250518799,0.8640531301498413,0.0007322607561945915,0.6927546858787537,3.592959403991699,5.419897556304932,25.651662826538086,0.17014150321483612,7.508188987648352,7.800393636715619,0.21706342697143555,0.26522013545036316,0.18539728224277496,0.371847540140152,0.276546835899353,0.4093094766139984,0.048363104462623596,0.06445994973182678,Spine,SP7,S82030_eT1W_TSE_CLEAR_20260305081552_702_i00001,1.875
17.348716899684735,0.7971089677987863,0.018413159996271133,0.13569509938192734,0.873602032661438,0.8574786186218262,0.000973626272752881,0.6742915511131287,3.9272968769073486,5.284814357757568,24.85427474975586,0.16483868658542633,7.259383946381081,7.759932736855203,0.19695287942886353,0.25505754351615906,0.1913304626941681,0.4130932688713074,0.2666601538658142,0.40094608068466187,0.02913740463554859,0.04669542238116264,Spine,SP7,S82030_eT1W_TSE_CLEAR_20260305081552_702_i00002,2.003
16.375448713662202,0.6577186942319428,0.023038547486066818,0.15178454297479313,0.7360401749610901,0.7626498341560364,0.0005170928197912872,1.289453148841858,1.621180534362793,2.9913268089294434,48.18568420410156,0.12444266676902771,5.808279142380604,6.7275270589088,0.12169922888278961,0.21105456352233887,0.02947414107620716,0.09573914110660553,0.10190478712320328,0.19360516965389252,0.1347457468509674,0.0,Spine,SP7,S82030_eeSTIR_TSE_COR_20260305081552_402,1.617
17.199578569454953,0.8213388466913284,0.01905645616352558,0.13804512364993404,0.8961178660392761,0.8855856657028198,0.0005992745864205062,0.6336299180984497,3.7076783180236816,5.094788074493408,25.05396842956543,0.1485811471939087,7.340163508043498,7.7524267458326355,0.2104976922273636,0.264303058385849,0.21433594822883606,0.3590502142906189,0.2792046070098877,0.3773093819618225,0.026407266035676003,0.04961388558149338,Spine,SP7,S82030_eT1W_TSE_CLEAR_20260305081552_702_i00007,2.263
15.720586652150228,0.7719605412447396,0.02678806520998478,0.1636705997116916,0.8236697912216187,0.8433977961540222,0.00086075539002195,0.6241337060928345,3.4965553283691406,4.478586196899414,26.327238082885742,0.15607516467571259,7.003401769781492,7.375265587643875,0.19433777034282684,0.24694129824638367,0.17773756384849548,0.3065933585166931,0.2248094081878662,0.32438352704048157,0.029850605875253677,0.05860000476241112,Spine,SP7,S82030_eT1W_TSE_CLEAR_20260305081552_702_i00012,2.261
13.197794018567118,0.6959371564978953,0.047887325286865234,0.21883172824539232,0.7246695756912231,0.7942293882369995,0.0012004683958366513,0.6765332221984863,3.6835570335388184,4.847891807556152,25.229890823364258,0.19948282837867737,6.921238600049855,7.540452359279717,0.1682908535003662,0.2570078670978546,0.16590113937854767,0.3523877263069153,0.21448193490505219,0.35592588782310486,0.030256737023591995,0.05859998241066933,Spine,SP7,S82030_eT1W_TSE_CLEAR_20260305081552_702_i00016,2.291
15.047305766847117,0.7514503579964572,0.031280189752578735,0.17686206419856898,0.757022500038147,0.8208318948745728,0.0008052096236497164,0.7331724762916565,3.4430012702941895,4.601677417755127,27.29840087890625,0.1672111451625824,6.732104101839424,7.365372010640009,0.15714722871780396,0.24020832777023315,0.15830101072788239,0.31040072441101074,0.21547235548496246,0.33999860286712646,0.023272255435585976,0.03515999764204025,Spine,SP7,S82030_eT1W_TSE_CLEAR_20260305081552_702_i00019,2.372
13.165463636437478,0.6749354804187258,0.0482451468706131,0.21964777911605002,0.6754921674728394,0.757408618927002,0.0014544285368174314,0.7970351576805115,3.9111242294311523,5.296722888946533,24.16523551940918,0.22111114859580994,6.711924147696952,7.534050202875627,0.143931046128273,0.23971419036388397,0.14250844717025757,0.40688925981521606,0.21357353031635284,0.4031299352645874,0.03662499040365219,0.08236554265022278,Spine,SP7,S82030_eT1W_TSE_CLEAR_20260305081552_702_i00022,2.344
14.058850142304971,0.7374662843642805,0.03927489370107651,0.1981789436369982,0.8354597687721252,0.8510593175888062,0.000880848616361618,0.5735648274421692,3.5781915187835693,5.44720458984375,23.539630889892578,0.19892430305480957,7.265208720929192,7.845903277164899,0.21813833713531494,0.30013546347618103,0.1469467580318451,0.33771514892578125,0.2618982493877411,0.39464351534843445,0.015089872293174267,0.02918463759124279,Spine,SP7,S82030_eT2W_TSE_DRIVE_HR_20260305081552_602_i00001,1.477
17.601352972722747,0.7806319944620707,0.017372597008943558,0.13180514788483627,0.6873591542243958,0.8377514481544495,0.000787249649874866,0.8208261132240295,2.443580389022827,3.0327606201171875,44.09916687011719,0.0869399905204773,3.920729906491333,4.398297584674627,0.17196741700172424,0.24065089225769043,0.08757656812667847,0.18836912512779236,0.11850513517856598,0.18360698223114014,0.14353038370609283,0.0,Spine,SP7,S82030_eT2W_TSE_20260305081552_303,1.571
17.21175668921687,0.5894786823591792,0.019003095105290413,0.13785171419061285,0.7760862112045288,0.874203085899353,0.0007536380435340106,0.8031045198440552,2.5810956954956055,3.2909135818481445,42.694210052490234,0.09037771075963974,4.4707236229324545,4.7943937214017165,0.19296549260616302,0.273326575756073,0.10633952915668488,0.20298084616661072,0.13632431626319885,0.19242827594280243,0.1825626790523529,0.0,Spine,SP7,S82030_eT2W_TSE_20260305081552_304,1.599
15.325330146296414,0.7309980039238348,0.029340466484427452,0.17129059076443007,0.8447883725166321,0.86029052734375,0.0009138021850958467,0.5541261434555054,3.977964401245117,5.441150665283203,21.20903205871582,0.18295004963874817,6.983657772716532,7.66691123426608,0.2199779897928238,0.2952556610107422,0.17123018205165863,0.38147661089897156,0.26513057947158813,0.3964833915233612,0.01164329145103693,0.017510786652565002,Spine,SP7,S82030_eT2W_TSE_DRIVE_HR_20260305081552_602_i00002,2.8
19.28098671786582,0.8157076791905462,0.011800525709986687,0.10863022466140207,0.9345139265060425,0.9082004427909851,0.00046327876043505967,0.5063511729240417,3.986555814743042,5.4000773429870605,22.045705795288086,0.13627606630325317,7.346812344924301,7.571579350321936,0.25619542598724365,0.29294243454933167,0.30302193760871887,0.3873544931411743,0.3302065432071686,0.3935324549674988,0.014347545802593231,0.011673858389258385,Spine,SP7,S82030_eT2W_TSE_DRIVE_HR_20260305081552_602_i00019,2.496
15.763713099585775,0.7543104838158852,0.026523366570472717,0.16285995999776223,0.8719764947891235,0.875217616558075,0.0008030505268834531,0.5241031646728516,4.179899215698242,5.5518670082092285,19.972736358642578,0.17642733454704285,7.183278580351508,7.644209170478936,0.2308647185564041,0.30443063378334045,0.21078653633594513,0.39731523394584656,0.2890356779098511,0.4029654562473297,0.01238923892378807,0.017510781064629555,Spine,SP7,S82030_eT2W_TSE_DRIVE_HR_20260305081552_602_i00007,2.814
16.82889410368638,0.7959799635573553,0.020754419267177582,0.14406394159253585,0.8875004053115845,0.8876272439956665,0.0007381541072390974,0.5819045305252075,4.094141960144043,5.656839370727539,21.934022903442383,0.16042770445346832,7.292721668753939,7.655658060165503,0.22838225960731506,0.2925204336643219,0.2602840065956116,0.4395309388637543,0.31028544902801514,0.41941729187965393,0.009818409569561481,0.011673854663968086,Spine,SP7,S82030_eT2W_TSE_DRIVE_HR_20260305081552_602_i00022,2.546
19.342807622682468,0.8110465525266906,0.011633737944066525,0.10785980689796605,0.9352247714996338,0.9111302495002747,0.0005031691398471594,0.47800102829933167,4.263974189758301,5.2155961990356445,20.031166076660156,0.13133832812309265,7.250658608179462,7.467098794609784,0.26923853158950806,0.2915959060192108,0.29048487544059753,0.3757534325122833,0.3202400505542755,0.37575939297676086,0.013477995991706848,0.02334771119058132,Spine,SP7,S82030_eT2W_TSE_DRIVE_HR_20260305081552_602_i00012,2.836
15.349537921803012,0.7399531736712114,0.02917737513780594,0.17081386108219068,0.8516849875450134,0.8625611662864685,0.0008526652818545699,0.5276634693145752,4.50123929977417,5.698005676269531,18.901142120361328,0.18092168867588043,7.071367272306898,7.5241477225966085,0.227582648396492,0.305414617061615,0.2369852364063263,0.43029719591140747,0.2899726927280426,0.41708728671073914,0.011860639788210392,0.02334771677851677,Spine,SP7,S82030_eT2W_TSE_DRIVE_HR_20260305081552_602_i00016,2.846
17.125979426878754,0.7482853663691178,0.019382154569029808,0.1392198066692732,0.571900486946106,0.8056546449661255,0.001109862932935357,0.6766209602355957,3.1532626152038574,3.0435891151428223,36.02266311645508,0.10008837282657623,3.7179566066645076,4.282480748710439,0.12612056732177734,0.21831391751766205,0.08976688235998154,0.2193555384874344,0.11712232232093811,0.19570881128311157,0.10868584364652634,0.0,Spine,SP8,S82032_eSTIR_TSE_20260304134706_503,0.912
17.125979426878754,0.7482853663691178,0.019382154569029808,0.1392198066692732,0.571900486946106,0.8056546449661255,0.001109862932935357,0.6766209602355957,3.1532626152038574,3.0435891151428223,36.02266311645508,0.10008837282657623,3.7179566066645076,4.282480748710439,0.12612056732177734,0.21831391751766205,0.08976688235998154,0.2193555384874344,0.11712232232093811,0.19570881128311157,0.10868584364652634,0.0,Spine,SP8,S82032_eSTIR_TSE_20260304134706_503a,0.918
19.204213320675624,0.8481766800300897,0.012010985054075718,0.10959463971415627,0.8882654309272766,0.8748874068260193,0.0006929734372533858,0.7409411668777466,2.587473154067993,3.460404396057129,41.48250198364258,0.08225131034851074,4.662277119746447,5.030076643015717,0.2058624029159546,0.28951290249824524,0.10333771258592606,0.19782587885856628,0.14378532767295837,0.2028055340051651,0.21446868777275085,0.0,Spine,SP7,S82030_T1W_TSE_sag_20260305081552_501,1.336
17.245232226171396,0.5623756119713192,0.018857181072235107,0.13732145160984538,0.7132090330123901,0.8604540228843689,0.0006952371331863105,0.5705753564834595,2.911223888397217,3.252617597579956,36.04896926879883,0.10437359660863876,4.280799826088709,4.794366038716972,0.13899709284305573,0.23730556666851044,0.10207506269216537,0.19299523532390594,0.14781726896762848,0.20660918951034546,0.143416166305542,0.0,Spine,SP8,S82032_eSTIR_TSE_20260304134706_504,1.158
17.245232226171396,0.5623756119713192,0.018857181072235107,0.13732145160984538,0.7132090330123901,0.8604540228843689,0.0006952371331863105,0.5705753564834595,2.911223888397217,3.252617597579956,36.04896926879883,0.10437359660863876,4.280799826088709,4.794366038716972,0.13899709284305573,0.23730556666851044,0.10207506269216537,0.19299523532390594,0.14781726896762848,0.20660918951034546,0.143416166305542,0.0,Spine,SP8,S82032_eSTIR_TSE_20260304134706_504a,1.158
16.763470578402234,0.43450701852708595,0.021069437265396118,0.1451531510694691,0.7692850232124329,0.7872593402862549,0.0012484760954976082,0.9118953943252563,2.7919762134552,3.32473087310791,41.187599182128906,0.11679895222187042,4.1187705033075135,4.644672888266541,0.13676859438419342,0.27006423473358154,0.08893495053052902,0.22989778220653534,0.11194586753845215,0.1974521279335022,0.0,0.0,Spine,SP7,S82030_SC_MobiView_eT2W_TSE_20260305081552_305,2.273
17.025131380188665,0.629277314294053,0.01983749493956566,0.14084564224556492,0.6153397560119629,0.8318512439727783,0.0009571916307322681,0.7409602403640747,2.8888638019561768,3.0787739753723145,39.34421920776367,0.09455563127994537,3.840617980096829,4.322542741745484,0.14948417246341705,0.23317910730838776,0.09999152272939682,0.21892519295215607,0.12253343313932419,0.1912887841463089,0.12571614980697632,0.0,Spine,SP8,S82032_eT2W_TSE_20260304134706_303,1.872
15.782797306767176,0.6382531624919359,0.026407072320580482,0.16250253019747257,0.6589561104774475,0.7753233313560486,0.001030424959026277,0.8999380469322205,2.3736021518707275,3.205777168273926,44.26491165161133,0.11056600511074066,4.277503347870169,4.842107156200898,0.1301252692937851,0.2620775103569031,0.057696521282196045,0.1751234233379364,0.10394950211048126,0.18953964114189148,0.14090313017368317,0.0,Spine,SP8,S82032_eT1W_TSE_20260304134706_404,1.98
17.025131380188665,0.629277314294053,0.01983749493956566,0.14084564224556492,0.6153397560119629,0.8318512439727783,0.0009571916307322681,0.7409602403640747,2.8888638019561768,3.0787739753723145,39.34421920776367,0.09455563127994537,3.840617980096829,4.322542741745484,0.14948417246341705,0.23317910730838776,0.09999152272939682,0.21892519295215607,0.12253343313932419,0.1912887841463089,0.12571614980697632,0.0,Spine,SP8,S82032_eT2W_TSE_20260304134706_303a,1.91
15.782797306767176,0.6382531624919359,0.026407072320580482,0.16250253019747257,0.6589561104774475,0.7753233313560486,0.001030424959026277,0.8999380469322205,2.3736021518707275,3.205777168273926,44.26491165161133,0.11056600511074066,4.277503347870169,4.842107156200898,0.1301252692937851,0.2620775103569031,0.057696521282196045,0.1751234233379364,0.10394950211048126,0.18953964114189148,0.14090313017368317,0.0,Spine,SP8,S82032_eT1W_TSE_20260304134706_404a,2.025
16.21420750545638,0.5966103778898596,0.023909980431199074,0.15462852398958957,0.531385600566864,0.7470828294754028,0.0010729730129241943,1.0025991201400757,2.2767508029937744,2.7405529022216797,47.504512786865234,0.09906220436096191,3.7229527759032406,4.279895553135364,0.11869675666093826,0.2249239981174469,0.0498182475566864,0.15670859813690186,0.08377978950738907,0.16159385442733765,0.10722141712903976,0.0,Spine,SP8,S82032_eT1W_TSE_20260304134706_403a,2.449
16.21420750545638,0.5966103778898596,0.023909980431199074,0.15462852398958957,0.531385600566864,0.7470828294754028,0.0010729730129241943,1.0025991201400757,2.2767508029937744,2.7405529022216797,47.504512786865234,0.09906220436096191,3.7229527759032406,4.279895553135364,0.11869675666093826,0.2249239981174469,0.0498182475566864,0.15670859813690186,0.08377978950738907,0.16159385442733765,0.10722141712903976,0.0,Spine,SP8,S82032_eT1W_TSE_20260304134706_403,2.498
16.537061691391962,0.5552134684232785,0.022196976467967033,0.1489864976028601,0.6893612742424011,0.8404598832130432,0.0008043819689191878,0.7621169090270996,2.541105270385742,3.2122111320495605,42.1833381652832,0.10247116535902023,4.366971107112567,4.846644903683084,0.14898952841758728,0.25377240777015686,0.08762962371110916,0.19235196709632874,0.12714073061943054,0.1943349838256836,0.14693954586982727,0.0,Spine,SP8,S82032_eT2W_TSE_20260304134706_304,1.642
16.89141223313619,0.7418612766350706,0.020457793027162552,0.1430307415458738,0.8596735596656799,0.8825012445449829,0.0007091086590662599,0.5103319883346558,3.924060344696045,5.137216567993164,21.71322250366211,0.1503482311964035,6.61172962102007,6.988511773512948,0.22979727387428284,0.2992771565914154,0.1873541623353958,0.3437703549861908,0.2691556215286255,0.36408281326293945,0.2293851673603058,0.0,Spine,SP8,S82032_eT2W_TSE_DRIVE_HR_20260304134706_602_i00001,1.962
16.537061691391962,0.5552134684232785,0.022196976467967033,0.1489864976028601,0.6893612742424011,0.8404598832130432,0.0008043819689191878,0.7621169090270996,2.541105270385742,3.2122111320495605,42.1833381652832,0.10247116535902023,4.366971107112567,4.846644903683084,0.14898952841758728,0.25377240777015686,0.08762962371110916,0.19235196709632874,0.12714073061943054,0.1943349838256836,0.14693954586982727,0.0,Spine,SP8,S82032_eT2W_TSE_20260304134706_304a,1.811
16.89141223313619,0.7418612766350706,0.020457793027162552,0.1430307415458738,0.8596735596656799,0.8825012445449829,0.0007091086590662599,0.5103319883346558,3.924060344696045,5.137216567993164,21.71322250366211,0.1503482311964035,6.61172962102007,6.988511773512948,0.22979727387428284,0.2992771565914154,0.1873541623353958,0.3437703549861908,0.2691556215286255,0.36408281326293945,0.2293851673603058,0.0,Spine,SP8,S82032_eT2W_TSE_DRIVE_HR_20260304134706_602_i00001a,1.996
17.731185203494427,0.7596569756051069,0.016860926523804665,0.12984963043383937,0.899848997592926,0.9039586186408997,0.0005416616331785917,0.5019211173057556,3.9222211837768555,4.997272491455078,21.601032257080078,0.132999986410141,6.682979404022129,6.98889525167461,0.2509346604347229,0.3116762638092041,0.21033309400081635,0.33646515011787415,0.27090489864349365,0.343889057636261,0.2528752088546753,0.31167641282081604,Spine,SP8,S82032_eT2W_TSE_DRIVE_HR_20260304134706_602_i00006,2.094
17.731185203494427,0.7596569756051069,0.016860926523804665,0.12984963043383937,0.899848997592926,0.9039586186408997,0.0005416616331785917,0.5019211173057556,3.9222211837768555,4.997272491455078,21.601032257080078,0.132999986410141,6.682979404022129,6.98889525167461,0.2509346604347229,0.3116762638092041,0.21033309400081635,0.33646515011787415,0.27090489864349365,0.343889057636261,0.2528752088546753,0.31167641282081604,Spine,SP8,S82032_eT2W_TSE_DRIVE_HR_20260304134706_602_i00006a,2.103
16.209118418615812,0.7745376885020063,0.02393801510334015,0.15471914911652063,0.8399696350097656,0.8309511542320251,0.0012456935364753008,0.7208353877067566,4.411647319793701,6.111996650695801,20.962648391723633,0.20137006044387817,7.254267418693525,7.886238370086419,0.18409016728401184,0.2661421298980713,0.20315073430538177,0.5050315856933594,0.2891581058502197,0.478083074092865,0.02851114608347416,0.07004312425851822,Spine,SP12,S82031_eT1W_TSE_CLEAR_20260305090906_802_i00001,1.304
16.209118418615812,0.7745376885020063,0.02393801510334015,0.15471914911652063,0.8399696350097656,0.8309511542320251,0.0012456935364753008,0.7208353877067566,4.411647319793701,6.111996650695801,20.962648391723633,0.20137006044387817,7.254267418693525,7.886238370086419,0.18409016728401184,0.2661421298980713,0.20315073430538177,0.5050315856933594,0.2891581058502197,0.478083074092865,0.02851114608347416,0.07004312425851822,Spine,SP12,S82031_eT1W_TSE_CLEAR_20260305090906_802_i00001a,1.376
16.746147122048797,0.7786865761628528,0.021153649315238,0.1454429417855607,0.8197044730186462,0.8358240127563477,0.0011457554064691067,0.6607767939567566,4.409696102142334,5.675792217254639,20.556900024414062,0.18725942075252533,7.243506595357817,7.804163170528281,0.18603138625621796,0.24197569489479065,0.18892884254455566,0.4594263434410095,0.27663320302963257,0.44656476378440857,0.025845307856798172,0.046695444732904434,Spine,SP12,S82031_eT1W_TSE_CLEAR_20260305090906_802_i00005,2.478
16.746147122048797,0.7786865761628528,0.021153649315238,0.1454429417855607,0.8197044730186462,0.8358240127563477,0.0011457554064691067,0.6607767939567566,4.409696102142334,5.675792217254639,20.556900024414062,0.18725942075252533,7.243506595357817,7.804163170528281,0.18603138625621796,0.24197569489479065,0.18892884254455566,0.4594263434410095,0.27663320302963257,0.44656476378440857,0.025845307856798172,0.046695444732904434,Spine,SP12,S82031_eT1W_TSE_CLEAR_20260305090906_802_i00005a,2.456
17.434120831575285,0.7850203096073952,0.018054602667689323,0.13436741668905197,0.8560605049133301,0.8354648351669312,0.0011593061499297619,0.6354865431785583,4.6858015060424805,6.045851707458496,19.176416397094727,0.19120845198631287,7.197676077359984,7.7937793924775125,0.19408291578292847,0.24950680136680603,0.21751298010349274,0.5073069930076599,0.29795825481414795,0.47981223464012146,0.024124814197421074,0.04669542238116264,Spine,SP12,S82031_eT1W_TSE_CLEAR_20260305090906_802_i00010,2.469
17.434120831575285,0.7850203096073952,0.018054602667689323,0.13436741668905197,0.8560605049133301,0.8354648351669312,0.0011593061499297619,0.6354865431785583,4.6858015060424805,6.045851707458496,19.176416397094727,0.19120845198631287,7.197676077359984,7.7937793924775125,0.19408291578292847,0.24950680136680603,0.21751298010349274,0.5073069930076599,0.29795825481414795,0.47981223464012146,0.024124814197421074,0.04669542238116264,Spine,SP12,S82031_eT1W_TSE_CLEAR_20260305090906_802_i00010a,2.492
17.314536818271936,0.7859462214049522,0.018558647483587265,0.13623012693081976,0.8497071266174316,0.8497982621192932,0.0011121584102511406,0.5955824851989746,4.569028854370117,5.82567024230957,20.08295440673828,0.18735910952091217,7.516069138836858,7.828240171303385,0.2158888578414917,0.248161181807518,0.20248167216777802,0.46375951170921326,0.2980058491230011,0.4584534168243408,0.03260805085301399,0.05253232643008232,Spine,SP12,S82031_eT1W_TSE_CLEAR_20260305090906_802_i00013,2.187
17.314536818271936,0.7859462214049522,0.018558647483587265,0.13623012693081976,0.8497071266174316,0.8497982621192932,0.0011121584102511406,0.5955824851989746,4.569028854370117,5.82567024230957,20.08295440673828,0.18735910952091217,7.516069138836858,7.828240171303385,0.2158888578414917,0.248161181807518,0.20248167216777802,0.46375951170921326,0.2980058491230011,0.4584534168243408,0.03260805085301399,0.05253232643008232,Spine,SP12,S82031_eT1W_TSE_CLEAR_20260305090906_802_i00013a,2.189
14.914794281124678,0.7019382554254802,0.032249320298433304,0.1795809575050576,0.7893972992897034,0.7959324717521667,0.0015049303183332086,0.6947026252746582,4.0314621925354,5.004087448120117,23.307024002075195,0.19802361726760864,6.922423787817647,7.5878460073714615,0.1753375083208084,0.2103964239358902,0.1494298130273819,0.3782120943069458,0.23057520389556885,0.3886127471923828,0.08333001285791397,0.11766505241394043,Spine,SP12,S82031_eT1W_TSE_CLEAR_20260305090906_802_i00019,1.276
14.914794281124678,0.7019382554254802,0.032249320298433304,0.1795809575050576,0.7893972992897034,0.7959324717521667,0.0015049303183332086,0.6947026252746582,4.0314621925354,5.004087448120117,23.307024002075195,0.19802361726760864,6.922423787817647,7.5878460073714615,0.1753375083208084,0.2103964239358902,0.1494298130273819,0.3782120943069458,0.23057520389556885,0.3886127471923828,0.08333001285791397,0.11766505241394043,Spine,SP12,S82031_eT1W_TSE_CLEAR_20260305090906_802_i00019a,1.287
13.874490088466393,0.667851492820886,0.040978021919727325,0.2024302890373062,0.7405643463134766,0.7715471386909485,0.0015776153886690736,0.6746947169303894,4.422578811645508,5.697636127471924,20.76365089416504,0.2400633990764618,7.056044528698056,7.765452644900661,0.16096757352352142,0.22662124037742615,0.14169374108314514,0.45288872718811035,0.24546895921230316,0.4563882052898407,0.02727690152823925,0.05273997038602829,Spine,SP12,S82031_eT1W_TSE_CLEAR_20260305090906_802_i00016,2.191
13.874490088466393,0.667851492820886,0.040978021919727325,0.2024302890373062,0.7405643463134766,0.7715471386909485,0.0015776153886690736,0.6746947169303894,4.422578811645508,5.697636127471924,20.76365089416504,0.2400633990764618,7.056044528698056,7.765452644900661,0.16096757352352142,0.22662124037742615,0.14169374108314514,0.45288872718811035,0.24546895921230316,0.4563882052898407,0.02727690152823925,0.05273997038602829,Spine,SP12,S82031_eT1W_TSE_CLEAR_20260305090906_802_i00016a,2.163
19.192585885065128,0.6893761670404466,0.012043186463415623,0.10974145280346721,0.8270564675331116,0.8857097029685974,0.00045761826913803816,0.8076390624046326,2.388282299041748,2.9742989540100098,45.47037124633789,0.07210381329059601,4.180894366184487,4.533826698352718,0.2149578183889389,0.2535727918148041,0.10161155462265015,0.17577768862247467,0.12414182722568512,0.17064493894577026,0.18579421937465668,0.0,Spine,SP12,S82031_eT2W_TSE_20260305090906_303,1.476
19.192585885065128,0.6893761670404466,0.012043186463415623,0.10974145280346721,0.8270564675331116,0.8857097029685974,0.00045761826913803816,0.8076390624046326,2.388282299041748,2.9742989540100098,45.47037124633789,0.07210381329059601,4.180894366184487,4.533826698352718,0.2149578183889389,0.2535727918148041,0.10161155462265015,0.17577768862247467,0.12414182722568512,0.17064493894577026,0.18579421937465668,0.0,Spine,SP12,S82031_eT2W_TSE_20260305090906_303a,1.528
17.89654469585591,0.5928331080882162,0.016231009736657143,0.12740098012439757,0.8327652215957642,0.8618537187576294,0.0007548248395323753,0.7887953519821167,2.668212413787842,3.206068515777588,41.724430084228516,0.08773234486579895,4.573113972215345,4.874364941425387,0.20148397982120514,0.27355074882507324,0.1080716997385025,0.20257633924484253,0.1282213181257248,0.18383166193962097,0.20366664230823517,0.0,Spine,SP12,S82031_eT2W_TSE_20260305090906_304,1.813
17.89654469585591,0.5928331080882162,0.016231009736657143,0.12740098012439757,0.8327652215957642,0.8618537187576294,0.0007548248395323753,0.7887953519821167,2.668212413787842,3.206068515777588,41.724430084228516,0.08773234486579895,4.573113972215345,4.874364941425387,0.20148397982120514,0.27355074882507324,0.1080716997385025,0.20257633924484253,0.1282213181257248,0.18383166193962097,0.20366664230823517,0.0,Spine,SP12,S82031_eT2W_TSE_20260305090906_304a,1.877
14.234021165681856,0.7247575077274953,0.03772227466106415,0.194222230089823,0.8245220184326172,0.8450176119804382,0.0009700867813080549,0.5591698884963989,4.189504146575928,5.721045970916748,20.126813888549805,0.20850832760334015,7.293209302924967,7.847618439310349,0.20347468554973602,0.29420050978660583,0.17793124914169312,0.40625452995300293,0.2738199234008789,0.4249947667121887,0.017649756744503975,0.02918463759124279,Spine,SP12,S82031_eT2W_TSE_DRIVE_HR_20260305090906_702_i00005,1.351
14.234021165681856,0.7247575077274953,0.03772227466106415,0.194222230089823,0.8245220184326172,0.8450176119804382,0.0009700867813080549,0.5591698884963989,4.189504146575928,5.721045970916748,20.126813888549805,0.20850832760334015,7.293209302924967,7.847618439310349,0.20347468554973602,0.29420050978660583,0.17793124914169312,0.40625452995300293,0.2738199234008789,0.4249947667121887,0.017649756744503975,0.02918463759124279,Spine,SP12,S82031_eT2W_TSE_DRIVE_HR_20260305090906_702_i00005a,1.322
13.287503003695353,0.7126843505802034,0.04690830036997795,0.2165832412029563,0.8017703890800476,0.828980565071106,0.0010657247621566057,0.6083533763885498,3.677398681640625,5.319618225097656,22.97300148010254,0.21471089124679565,7.112586864234051,7.7565619143709705,0.20513159036636353,0.2772822380065918,0.13714143633842468,0.35587289929389954,0.2431141436100006,0.3933165669441223,0.018341192975640297,0.03488423302769661,Spine,SP12,S82031_eT2W_TSE_DRIVE_HR_20260305090906_702_i00001a,2.858
13.287503003695353,0.7126843505802034,0.04690830036997795,0.2165832412029563,0.8017703890800476,0.828980565071106,0.0010657247621566057,0.6083533763885498,3.677398681640625,5.319618225097656,22.97300148010254,0.21471089124679565,7.112586864234051,7.7565619143709705,0.20513159036636353,0.2772822380065918,0.13714143633842468,0.35587289929389954,0.2431141436100006,0.3933165669441223,0.018341192975640297,0.03488423302769661,Spine,SP12,S82031_eT2W_TSE_DRIVE_HR_20260305090906_702_i00001,2.882
14.156223228788125,0.7159508280668742,0.038404107093811035,0.19596965860512958,0.8341413736343384,0.832518458366394,0.0009980524191632867,0.5786393880844116,4.182085037231445,5.729857444763184,20.49961280822754,0.21546338498592377,7.236946859961703,7.7996826997696305,0.2000666856765747,0.28480178117752075,0.17210514843463898,0.41667598485946655,0.26698189973831177,0.4305308759212494,0.015036304481327534,0.02918463759124279,Spine,SP12,S82031_eT2W_TSE_DRIVE_HR_20260305090906_702_i00010,1.237
14.156223228788125,0.7159508280668742,0.038404107093811035,0.19596965860512958,0.8341413736343384,0.832518458366394,0.0009980524191632867,0.5786393880844116,4.182085037231445,5.729857444763184,20.49961280822754,0.21546338498592377,7.236946859961703,7.7996826997696305,0.2000666856765747,0.28480178117752075,0.17210514843463898,0.41667598485946655,0.26698189973831177,0.4305308759212494,0.015036304481327534,0.02918463759124279,Spine,SP12,S82031_eT2W_TSE_DRIVE_HR_20260305090906_702_i00010a,1.221
15.154346206306224,0.7476646590127767,0.030518654733896255,0.1746958921494614,0.8597680330276489,0.8549618124961853,0.0008802334778010845,0.5573612451553345,4.229816436767578,5.582740306854248,20.392404556274414,0.19673404097557068,7.290882565212237,7.831350592862075,0.20629364252090454,0.27590668201446533,0.17923809587955475,0.3956833779811859,0.278494268655777,0.4202730059623718,0.019007431343197823,0.029184643179178238,Spine,SP12,S82031_eT2W_TSE_DRIVE_HR_20260305090906_702_i00013,1.627
15.154346206306224,0.7476646590127767,0.030518654733896255,0.1746958921494614,0.8597680330276489,0.8549618124961853,0.0008802334778010845,0.5573612451553345,4.229816436767578,5.582740306854248,20.392404556274414,0.19673404097557068,7.290882565212237,7.831350592862075,0.20629364252090454,0.27590668201446533,0.17923809587955475,0.3956833779811859,0.278494268655777,0.4202730059623718,0.019007431343197823,0.029184643179178238,Spine,SP12,S82031_eT2W_TSE_DRIVE_HR_20260305090906_702_i00013a,1.619
15.030417390171813,0.7419540024304464,0.031402070075273514,0.17720629242573052,0.8438471555709839,0.858182966709137,0.0008364466484636068,0.567680835723877,4.134884834289551,5.607834339141846,21.360158920288086,0.1980929970741272,7.34998997890279,7.880115106250642,0.19158411026000977,0.26529568433761597,0.19470851123332977,0.4116942882537842,0.28758111596107483,0.42811545729637146,0.02231840044260025,0.04085848852992058,Spine,SP12,S82031_eT2W_TSE_DRIVE_HR_20260305090906_702_i00016a,1.468
15.030417390171813,0.7419540024304464,0.031402070075273514,0.17720629242573052,0.8438471555709839,0.858182966709137,0.0008364466484636068,0.567680835723877,4.134884834289551,5.607834339141846,21.360158920288086,0.1980929970741272,7.34998997890279,7.880115106250642,0.19158411026000977,0.26529568433761597,0.19470851123332977,0.4116942882537842,0.28758111596107483,0.42811545729637146,0.02231840044260025,0.04085848852992058,Spine,SP12,S82031_eT2W_TSE_DRIVE_HR_20260305090906_702_i00016,1.495
15.632201886926754,0.749455464678979,0.027338823303580284,0.1653445593407303,0.8410630226135254,0.8732795119285583,0.000983832054771483,0.5675509572029114,4.296975135803223,5.438241958618164,21.31973648071289,0.18086007237434387,7.257068536270502,7.7457337646654825,0.20400914549827576,0.2562255859375,0.23263540863990784,0.44304358959198,0.293626606464386,0.41570574045181274,0.027528006583452225,0.046695444732904434,Spine,SP12,S82031_eT2W_TSE_DRIVE_HR_20260305090906_702_i00019,1.501
15.632201886926754,0.749455464678979,0.027338823303580284,0.1653445593407303,0.8410630226135254,0.8732795119285583,0.000983832054771483,0.5675509572029114,4.296975135803223,5.438241958618164,21.31973648071289,0.18086007237434387,7.257068536270502,7.7457337646654825,0.20400914549827576,0.2562255859375,0.23263540863990784,0.44304358959198,0.293626606464386,0.41570574045181274,0.027528006583452225,0.046695444732904434,Spine,SP12,S82031_eT2W_TSE_DRIVE_HR_20260305090906_702_i00019a,1.476
20.50756710075603,0.6474004178097912,0.008896993473172188,0.09432387541429894,0.9283689260482788,0.875898540019989,0.000649172579869628,0.7307771444320679,2.850320816040039,3.4722237586975098,38.8321647644043,0.08005517721176147,4.775450679570751,5.256941625552186,0.2134512960910797,0.2875370979309082,0.12538427114486694,0.21903349459171295,0.1454434096813202,0.2034543752670288,0.23921646177768707,0.0,Spine,SP12,S82031_T1W_TSE_sag_20260305090906_501,1.447
20.50756710075603,0.6474004178097912,0.008896993473172188,0.09432387541429894,0.9283689260482788,0.875898540019989,0.000649172579869628,0.7307771444320679,2.850320816040039,3.4722237586975098,38.8321647644043,0.08005517721176147,4.775450679570751,5.256941625552186,0.2134512960910797,0.2875370979309082,0.12538427114486694,0.21903349459171295,0.1454434096813202,0.2034543752670288,0.23921646177768707,0.0,Spine,SP12,S82031_T1W_TSE_sag_20260305090906_501a,1.466
17.967933953325133,0.5122129274590241,0.01596638560295105,0.12635816397428007,0.8432815670967102,0.8167977929115295,0.0010105641558766365,0.8853273391723633,2.786745548248291,3.224066734313965,41.518497467041016,0.10354133695363998,4.302484351355869,4.728442560988881,0.16503800451755524,0.27351105213165283,0.0975230410695076,0.21906335651874542,0.11319145560264587,0.18565133213996887,0.0,0.0,Spine,SP12,S82031_SC_MobiView_eT2W_TSE_20260305090906_305,2.422
17.967933953325133,0.5122129274590241,0.01596638560295105,0.12635816397428007,0.8432815670967102,0.8167977929115295,0.0010105641558766365,0.8853273391723633,2.786745548248291,3.224066734313965,41.518497467041016,0.10354133695363998,4.302484351355869,4.728442560988881,0.16503800451755524,0.27351105213165283,0.0975230410695076,0.21906335651874542,0.11319145560264587,0.18565133213996887,0.0,0.0,Spine,SP12,S82031_SC_MobiView_eT2W_TSE_20260305090906_305a,2.473
17.240476043410293,0.5355341083087544,0.018877843394875526,0.13739666442412468,0.6699163913726807,0.8434321880340576,0.0008326368988491595,0.735737144947052,2.7593517303466797,3.168168067932129,39.836326599121094,0.09747850149869919,3.948471450610616,4.42198996774141,0.15143415331840515,0.23741191625595093,0.08876583725214005,0.20331792533397675,0.12774451076984406,0.19811101257801056,0.13618065416812897,0.0,Spine,SP15,S82041_eSTIR_TSE_20260306093302_503,0.98
16.24156238446439,0.5224068855359385,0.023759854957461357,0.15414232046216692,0.6190906167030334,0.8024507164955139,0.0009634899906814098,0.7699959874153137,2.55395770072937,3.1300270557403564,40.56368637084961,0.11157155781984329,4.215652876528188,4.79544413708449,0.12284892797470093,0.234954833984375,0.06040272116661072,0.17856311798095703,0.11436537653207779,0.1955254077911377,0.12516285479068756,0.0,Spine,SP15,S82041_eSTIR_TSE_20260306093302_504,1.021
18.924978583613882,0.5944373085022906,0.012808614410459995,0.11317514926192938,0.845718264579773,0.8579233288764954,0.0005257300799712539,0.8320342302322388,1.9584622383117676,2.8377580642700195,49.3436164855957,0.07949230074882507,4.2602475061309075,4.6559331838673295,0.18092148005962372,0.2564027011394501,0.055306240916252136,0.115214042365551,0.10773018002510071,0.155574768781662,0.1895381659269333,0.0,Spine,SP12,S82031_STIR_TSE_20260305090906_601,3.003
18.924978583613882,0.5944373085022906,0.012808614410459995,0.11317514926192938,0.845718264579773,0.8579233288764954,0.0005257300799712539,0.8320342302322388,1.9584622383117676,2.8377580642700195,49.3436164855957,0.07949230074882507,4.2602475061309075,4.6559331838673295,0.18092148005962372,0.2564027011394501,0.055306240916252136,0.115214042365551,0.10773018002510071,0.155574768781662,0.1895381659269333,0.0,Spine,SP12,S82031_STIR_TSE_20260305090906_601a,2.994
16.576736329680553,0.6293204145792559,0.021995121613144875,0.14830752379142764,0.6317116618156433,0.7913128733634949,0.0007564810803160071,0.9570457935333252,2.0439205169677734,2.8092029094696045,49.851959228515625,0.0924840122461319,3.9186052034452183,4.454095207691961,0.1477469950914383,0.24363631010055542,0.049618903547525406,0.14159810543060303,0.08991231769323349,0.15910233557224274,0.13181917369365692,0.0,Spine,SP15,S82041_eT1W_TSE_20260306093302_403,1.542
16.346484175012016,0.7219074159884453,0.023192714899778366,0.1522915457265385,0.7687090039253235,0.8568273186683655,0.0008678549784235656,0.5608338713645935,3.49491024017334,4.864809036254883,26.069643020629883,0.1591307818889618,6.527943811080021,7.106647024484801,0.16410769522190094,0.2557009756565094,0.18256670236587524,0.34769532084465027,0.2443891167640686,0.35859617590904236,0.0,0.0,Spine,SP15,S82041_eT2W_TSE_DRIVE_HR_20260306093302_602_i00011,1.083
17.439119387974888,0.6784613581336778,0.01803383231163025,0.1342901050399107,0.7609577178955078,0.8643781542778015,0.0006260918453335762,0.7977735996246338,2.2207181453704834,3.1803433895111084,46.16895294189453,0.08697851747274399,4.214386406091233,4.561698513167081,0.191548153758049,0.2686525881290436,0.0780855044722557,0.1725187599658966,0.12366512417793274,0.18370819091796875,0.171221524477005,0.0,Spine,SP15,S82041_eT2W_TSE_20260306093302_303,1.605
15.440732033846183,0.6391364702850187,0.02857108600437641,0.16902983761566007,0.6395785808563232,0.7758643627166748,0.0009929522639140487,0.9742746949195862,2.059108018875122,3.0416698455810547,49.50312805175781,0.10545570403337479,4.2792675255388515,4.846163600794043,0.1361047625541687,0.2683072090148926,0.047106191515922546,0.15673623979091644,0.09146229922771454,0.17001646757125854,0.14128465950489044,0.0,Spine,SP15,S82041_eT1W_TSE_20260306093302_404,2.287
15.277851548581324,0.7749869303950071,0.02966298535466194,0.17222945553726268,0.8314400315284729,0.8761770129203796,0.0008344245725311339,0.5400962233543396,4.112891674041748,6.2026166915893555,20.11223602294922,0.20305579900741577,7.454432842581309,7.889687870885819,0.1973716765642166,0.2693994343280792,0.2185572385787964,0.429675817489624,0.34405481815338135,0.4855571389198303,0.03050575964152813,0.04669541120529175,Spine,SP15,S82041_eT2W_TSE_DRIVE_HR_20260306093302_602_i00001,1.845
15.491240440384713,0.5514144434453255,0.028240732848644257,0.1680497927658474,0.6728135347366333,0.8248295783996582,0.0009375070221722126,0.8807404637336731,2.500471353530884,3.3801186084747314,43.290687561035156,0.10887719690799713,4.387167270874108,4.863828869728972,0.15779061615467072,0.27900010347366333,0.07999406009912491,0.20611104369163513,0.12015961110591888,0.19851279258728027,0.15733271837234497,0.0,Spine,SP15,S82041_eT2W_TSE_20260306093302_304,2.484
15.991149536200776,0.44941331958309216,0.025170106440782547,0.1586508948628483,0.6796655654907227,0.7211175560951233,0.0016627826262265444,0.8619500398635864,3.125934362411499,3.4870123863220215,36.178462982177734,0.13759063184261322,3.9853239621546677,4.707079073318056,0.11042162775993347,0.25687387585639954,0.08001644909381866,0.25439944863319397,0.10898025333881378,0.2202645242214203,0.0,0.0,Spine,SP15,S82041_SC_MobiView_eSTIR_TSE_20260306093302_505,2.07
19.099040824411745,0.5622987877364196,0.012305404990911484,0.11092972996862241,0.778420627117157,0.8574602603912354,0.0004428165266290307,0.9820867776870728,1.7180025577545166,2.4560346603393555,56.490867614746094,0.06659512221813202,3.8644016912849923,4.304373642195465,0.18826015293598175,0.23304226994514465,0.05250847712159157,0.10934941470623016,0.08671998977661133,0.12908272445201874,0.16064317524433136,0.0,Spine,SP17,S82170_eT1W_TSE_20260221100326_403,1.881
18.729424094369232,0.7088500005333793,0.013398543000221252,0.11575207557629907,0.8412283062934875,0.8449994325637817,0.0006933613331057131,0.910412073135376,1.9746568202972412,2.8699913024902344,50.82154846191406,0.07629936933517456,4.344870277650189,4.70669686214184,0.1918673813343048,0.26439186930656433,0.055881571024656296,0.13583049178123474,0.09972125291824341,0.15480338037014008,0.1888682246208191,0.0,Spine,SP17,S82170_eT1W_TSE_20260221100326_404,2.062
18.99167397935023,0.8205094240337765,0.01261341292411089,0.11230945162412151,0.7986475229263306,0.8777720332145691,0.0006627968978136778,0.7784976959228516,2.7560696601867676,3.087460517883301,41.32209396362305,0.07579513639211655,3.945740572066945,4.357234044518662,0.19723568856716156,0.25181469321250916,0.10842425376176834,0.21765588223934174,0.1282036006450653,0.18415525555610657,0.1679093837738037,0.0,Spine,SP17,S82170_eT2W_TSE_20260221100326_303,1.55
15.98300605638704,0.47985939422601076,0.025217346847057343,0.15879970669701296,0.7427283525466919,0.7715442180633545,0.0012646771501749754,0.953963577747345,2.6437954902648926,3.4112625122070312,42.541954040527344,0.12317073345184326,4.2065114842186775,4.7613254112784515,0.13510826230049133,0.2827660143375397,0.07729294896125793,0.22153957188129425,0.10715845227241516,0.19974394142627716,0.0,0.0,Spine,SP15,S82041_SC_MobiView_eT2W_TSE_20260306093302_305,2.659
15.804043848839076,0.45297188701337365,0.02627819962799549,0.16210552004171694,0.695379376411438,0.7090033292770386,0.0012604629155248404,1.0780595541000366,2.258312225341797,3.041879653930664,48.403812408447266,0.12030702829360962,4.054092150691217,4.674844561974115,0.11771225929260254,0.26867279410362244,0.0546618290245533,0.17291735112667084,0.08256276696920395,0.1698518544435501,0.0,0.0,Spine,SP15,S82041_MobiView_eT1W_TSE_20260306093302_405,3.26
16.64228261758032,0.6769007382956822,0.021665651351213455,0.1471925655432823,0.7567983269691467,0.834490954875946,0.0009383117430843413,0.8065516352653503,2.608041286468506,3.2719974517822266,41.761558532714844,0.0979359894990921,4.338662783565407,4.719857344542304,0.17872236669063568,0.27988961338996887,0.07544644176959991,0.1919364035129547,0.11874796450138092,0.1872570663690567,0.17669065296649933,0.0,Spine,SP17,S82170_eT2W_TSE_20260221100326_304,1.245
13.755472416409546,0.7126471284840553,0.042116548866033554,0.20522316844360813,0.8191021084785461,0.8542361259460449,0.0010012277634814382,0.5669052004814148,4.11015510559082,5.198779582977295,21.718942642211914,0.19062253832817078,7.008196063456557,7.57971631805881,0.22381828725337982,0.3208465576171875,0.16379396617412567,0.38066020607948303,0.2344272881746292,0.3594476282596588,0.01944366842508316,0.04085849970579147,Spine,SP17,S82170_eT2W_TSE_DRIVE_HR_20260221100326_602_i00011,1.994
15.967198153379982,0.7713955880462083,0.025309305638074875,0.15908898653921608,0.874853253364563,0.8898919224739075,0.0008782291552051902,0.572358250617981,4.422314643859863,5.56702184677124,21.022174835205078,0.1667325496673584,7.281306423187149,7.604284530105561,0.22504839301109314,0.3026618957519531,0.24436599016189575,0.4666362702846527,0.29341790080070496,0.40536999702453613,0.0062821172177791595,0.0,Spine,SP17,S82170_eT2W_TSE_DRIVE_HR_20260221100326_602_i00017,1.773
13.659413174993023,0.7267084400436548,0.043058477342128754,0.20750536702005748,0.8099650740623474,0.8441213369369507,0.000900859129615128,0.5881890654563904,3.4668524265289307,4.888735771179199,24.756040573120117,0.19108766317367554,7.258217045447193,7.638962795248164,0.21063174307346344,0.2876216471195221,0.12127229571342468,0.2941853106021881,0.22322967648506165,0.3450581729412079,0.0243045873939991,0.04085849970579147,Spine,SP17,S82170_eT2W_TSE_DRIVE_HR_20260221100326_602_i00001,2.975
11.711890353968528,0.614960357920909,0.06742344796657562,0.2596602548842923,0.7061403393745422,0.7756139636039734,0.0015803608112037182,0.6263601183891296,3.799976348876953,4.996237277984619,22.927043914794922,0.23013773560523987,6.799937134421849,7.511982400813024,0.19061914086341858,0.3102553188800812,0.09800972789525986,0.33922675251960754,0.18510118126869202,0.3444916307926178,0.014783559367060661,0.040858492255210876,Spine,SP17,S82170_eT2W_TSE_DRIVE_HR_20260221100326_602_i00006,3.055
16.746552568258444,0.7286374161913383,0.021151674911379814,0.14543615407243074,0.8080014586448669,0.8183557391166687,0.0008056577062234282,0.5946987867355347,2.999397039413452,4.421112060546875,28.82780647277832,0.16149576008319855,6.7959412370859065,7.448245084196675,0.16529054939746857,0.23290620744228363,0.10198447108268738,0.24815987050533295,0.20174896717071533,0.324077308177948,0.011972378939390182,0.017649760469794273,Spine,SP17,S82170_T1W_TSE_GADO_POST_20260221100326_901_i00021,0.661
14.491427121120013,0.7360521887011545,0.03555144742131233,0.18855091466580673,0.8324806690216064,0.8696206212043762,0.000909675844013691,0.5561850666999817,3.9509739875793457,5.129453659057617,22.9013729095459,0.17401660978794098,7.056900029336748,7.466431330077648,0.22702306509017944,0.3176511526107788,0.1742963045835495,0.37033894658088684,0.24385470151901245,0.3541147708892822,0.009818407706916332,0.0,Spine,SP17,S82170_eT2W_TSE_DRIVE_HR_20260221100326_602_i00014,2.945
13.45249680249001,0.5423696266568607,0.04515962302684784,0.21250793638555676,0.5481410026550293,0.7097028493881226,0.0013738980051130056,0.6810786128044128,3.7050106525421143,4.554398536682129,22.21784782409668,0.22750473022460938,6.346683960493176,7.434362200865019,0.09537637233734131,0.1995210200548172,0.0646633729338646,0.26924651861190796,0.1678055375814438,0.3556101322174072,0.016473107039928436,0.046879999339580536,Spine,SP17,S82170_T1W_TSE_GADO_POST_20260221100326_901_i00001,1.52
14.389729413728586,0.678989625043654,0.036393772810697556,0.190771519915048,0.5204066038131714,0.6438536643981934,0.0014838359784334898,1.0068532228469849,2.5881600379943848,3.2768900394439697,40.55813217163086,0.13560833036899567,3.9827955484890536,4.6202741986603835,0.11337380856275558,0.26550406217575073,0.03608670458197594,0.1818290650844574,0.07862751185894012,0.1952129602432251,0.11973095685243607,0.0,Spine,SP17,S82170_T1W_TSE_POST_20260221100326_1001,0.935
11.83184069620342,0.4986788714891689,0.06558672338724136,0.2560990499538047,0.5361769795417786,0.6651301980018616,0.0018487568013370037,0.6976494193077087,3.7183258533477783,5.273732662200928,21.331098556518555,0.26848292350769043,6.6288015861366665,7.764208732962442,0.11635717004537582,0.25335243344306946,0.055638689547777176,0.3295091986656189,0.16923734545707703,0.4006587564945221,0.012649999000132084,0.035159990191459656,Spine,SP17,S82170_T1W_TSE_GADO_PRE_20260221100326_701_i00021,1.213
14.339634331046035,0.6976651325335195,0.03681599721312523,0.19187495202116725,0.509645938873291,0.6837343573570251,0.0016524982638657093,0.8149121999740601,3.0025341510772705,3.384906768798828,35.821533203125,0.13635486364364624,3.9776899864698954,4.63127074977893,0.10289027541875839,0.2640382945537567,0.04048293083906174,0.20244324207305908,0.09062317758798599,0.20681284368038177,0.11463804543018341,0.0,Spine,SP17,S82170_T1W_TSE_POST_20260221100326_801,0.855
16.989557822158634,0.4818054853348457,0.020000655204057693,0.14142367271449888,0.7923999428749084,0.7891460061073303,0.0012997715966776013,0.8850759267807007,2.959451675415039,3.323531150817871,39.364234924316406,0.11492175608873367,4.075612770055651,4.589767577753057,0.1450202763080597,0.27496156096458435,0.08694829046726227,0.23894190788269043,0.10983045399188995,0.1948726624250412,0.0,0.0,Spine,SP17,S82170_SC_MobiView_eT2W_TSE_20260221100326_305,2.476
13.455581398682439,0.5368673421079417,0.04512755572795868,0.2124324733367257,0.5122126936912537,0.7036877274513245,0.0010285484604537487,0.6355725526809692,3.614905834197998,4.202235221862793,21.064115524291992,0.2220698595046997,6.245649211748034,7.268923423856408,0.08735368400812149,0.18393979966640472,0.05001086741685867,0.21358205378055573,0.1545886993408203,0.3280785083770752,0.017407981678843498,0.05860000476241112,Spine,SP17,S82170_T1W_TSE_GADO_PRE_20260221100326_701_i00001,2.572
18.105265462154506,0.49376122826227964,0.015469399280846119,0.12437603981815035,0.8285235166549683,0.7789304256439209,0.0008537931717000902,1.0737268924713135,1.9769718647003174,2.7297616004943848,53.62272262573242,0.09387122094631195,4.068706531421129,4.524684388763525,0.14919422566890717,0.2607950270175934,0.05375446379184723,0.13673020899295807,0.08096295595169067,0.14257870614528656,0.0,0.0,Spine,SP17,S82170_MobiView_eT1W_TSE_20260221100326_405,3.8
16.17484173515637,0.7668951850313298,0.024127697572112083,0.1553309292192385,0.8508936762809753,0.8203878998756409,0.0007169573218561709,0.7551767230033875,2.656644105911255,4.840719699859619,31.34790802001953,0.16730688512325287,7.333060561834534,7.7356790676929,0.19671006500720978,0.2504104673862457,0.10585472732782364,0.24810220301151276,0.22099152207374573,0.3541969060897827,0.09073880314826965,0.1000153049826622,Spine,SP18,S82212_eT1W_TSE_CLEAR_20260225155723_802_i00001,1.314
18.982746947185117,0.8466952504158551,0.012639367021620274,0.11242493950018508,0.9237844944000244,0.8865618109703064,0.00048459917888976634,0.6442704200744629,3.160712242126465,5.154019832611084,26.769264221191406,0.1404857635498047,7.519094162283626,7.778112381734899,0.2155933678150177,0.274760365486145,0.16538208723068237,0.2867032587528229,0.2817011773586273,0.3779759407043457,0.08839227259159088,0.08789997547864914,Spine,SP18,S82212_eT1W_TSE_CLEAR_20260225155723_802_i00008,2.292
12.841105216607772,0.6812800743471552,0.051986366510391235,0.22800518965670769,0.7222530841827393,0.7621205449104309,0.0007778109284117818,0.7133846879005432,2.629563331604004,4.884701728820801,29.95120620727539,0.21192562580108643,7.174340040041873,7.7689270220769755,0.1720973253250122,0.26595404744148254,0.09363088756799698,0.2374291568994522,0.19848378002643585,0.35545605421066284,0.030445845797657967,0.046880003064870834,Spine,SP18,S82212_eT1W_TSE_CLEAR_20260225155723_802_i00012,2.533
13.474056480788247,0.7053507388217533,0.04493599385023117,0.2119811167303144,0.7598195672035217,0.7782069444656372,0.0009243565727956593,0.71595698595047,2.981794834136963,5.013488292694092,28.401472091674805,0.2020445168018341,7.187249685413811,7.745418327524511,0.17935582995414734,0.27131545543670654,0.12852022051811218,0.29003068804740906,0.21267014741897583,0.3653847873210907,0.04581001400947571,0.07031995803117752,Spine,SP18,S82212_eT1W_TSE_CLEAR_20260225155723_802_i00016,2.487
13.64045364148274,0.7033294298663433,0.043246861547231674,0.20795879771539283,0.7444735765457153,0.7674970626831055,0.0008840331574901938,0.7419937252998352,2.880342721939087,4.987604141235352,29.07332992553711,0.20352131128311157,7.039434232533816,7.648363130181858,0.1650744527578354,0.26190122961997986,0.12093862891197205,0.28798168897628784,0.2078721970319748,0.3674972653388977,0.06846975535154343,0.10547996312379837,Spine,SP18,S82212_eT1W_TSE_CLEAR_20260225155723_802_i00020,2.414
16.91724882698416,0.5665541749388158,0.020336449146270752,0.14260592254976914,0.7141693234443665,0.8443933725357056,0.0006114644347690046,0.868448793888092,1.9863739013671875,2.7899227142333984,50.25056838989258,0.09012684226036072,4.238726611493141,4.655751778283043,0.14790120720863342,0.24827028810977936,0.05864952877163887,0.12473832070827484,0.1041383370757103,0.15485788881778717,0.1506265252828598,0.0,Spine,SP18,S82212_eSTIR_TSE_20260225155723_602,2.982
13.28065147781587,0.6717998849326949,0.04698236286640167,0.21675415305456472,0.6969937682151794,0.7509651780128479,0.0010594605701044202,0.8152350187301636,2.8677918910980225,4.883527755737305,29.57606315612793,0.21241320669651031,6.85294218118708,7.597360930596838,0.1475098580121994,0.24681025743484497,0.10544784367084503,0.2898091673851013,0.1949131190776825,0.3649146854877472,0.09543943405151367,0.1230599656701088,Spine,SP18,S82212_eT1W_TSE_CLEAR_20260225155723_802_i00023,2.33
14.292555775256105,0.7275376576645267,0.037217263132333755,0.19291776261488663,0.7806901931762695,0.8064896464347839,0.0011016929056495428,0.7860443592071533,3.3892087936401367,5.39906120300293,26.877803802490234,0.19938689470291138,7.240615355281863,7.688436827795974,0.18734577298164368,0.25884297490119934,0.14965316653251648,0.3659323453903198,0.24549400806427002,0.4104723334312439,0.08243491500616074,0.10547998547554016,Spine,SP18,S82212_eT1W_TSE_CLEAR_20260225155723_902_i00001,2.316
16.46660812614917,0.8277183396980203,0.022560006007552147,0.15019988684267424,0.8845412135124207,0.8806584477424622,0.000790960097219795,0.6935086250305176,3.9253175258636475,5.782327651977539,23.49671173095703,0.16615766286849976,7.375681582799491,7.714121144135866,0.20670153200626373,0.2780322730541229,0.25094327330589294,0.45292672514915466,0.3136519193649292,0.439191073179245,0.07928230613470078,0.09961997717618942,Spine,SP18,S82212_eT1W_TSE_CLEAR_20260225155723_902_i00008,2.369
13.41648232859319,0.7110074796331279,0.04553567245602608,0.213390891220844,0.741620659828186,0.8021920323371887,0.0012436250690370798,0.7352259159088135,3.8827168941497803,5.424500942230225,23.8443546295166,0.20951758325099945,7.138492032914177,7.671385882890291,0.1724226325750351,0.2565300762653351,0.18245869874954224,0.41486647725105286,0.24792706966400146,0.41415736079216003,0.02728673256933689,0.046879980713129044,Spine,SP18,S82212_eT1W_TSE_CLEAR_20260225155723_902_i00012,2.383
12.541847099544757,0.6759328891007941,0.055694881826639175,0.23599763097675192,0.7112106680870056,0.7760105729103088,0.0011944393627345562,0.77549147605896,3.710454225540161,5.363325595855713,24.987245559692383,0.22234882414340973,7.106475958412536,7.748783130144715,0.1675754189491272,0.27009159326553345,0.16532403230667114,0.3816237151622772,0.2287360280752182,0.4010274410247803,0.04147077351808548,0.0820399820804596,Spine,SP18,S82212_eT1W_TSE_CLEAR_20260225155723_902_i00016,2.411
13.430156773662421,0.6990063921609176,0.04539252445101738,0.2130552145595535,0.7326939702033997,0.7741850018501282,0.0011353291338309646,0.777268648147583,3.3990089893341064,5.236428260803223,26.40126609802246,0.21165451407432556,7.065728239048056,7.686420030017317,0.16098789870738983,0.25833946466445923,0.15061646699905396,0.3526099920272827,0.2244507074356079,0.3937675356864929,0.07048715651035309,0.10547998547554016,Spine,SP18,S82212_eT1W_TSE_CLEAR_20260225155723_902_i00020,2.38
12.951114116615338,0.6636372033791021,0.0506860688328743,0.2251356676159384,0.6872264742851257,0.7630056142807007,0.0013782072346657515,0.8097208738327026,3.621032476425171,5.380618095397949,25.206396102905273,0.22794455289840698,6.972679051449724,7.664749615038566,0.1516401469707489,0.24765510857105255,0.1491987109184265,0.3944174647331238,0.22634479403495789,0.41376084089279175,0.08400890231132507,0.1230599656701088,Spine,SP18,S82212_eT1W_TSE_CLEAR_20260225155723_902_i00023,2.381
14.522961419506405,0.7156508889921168,0.035294245928525925,0.1878676287403605,0.8118775486946106,0.8556332588195801,0.0011113524669781327,0.6174388527870178,3.820970296859741,5.636533260345459,23.218921661376953,0.1918860673904419,7.09393619614457,7.701515356204187,0.21442654728889465,0.30366986989974976,0.17855173349380493,0.40493783354759216,0.27122005820274353,0.41181647777557373,0.01439397782087326,0.02918463759124279,Spine,SP18,S82212_eT2W_TSE_DRIVE_HR_20260225155723_702_i00001,2.017
13.714303194542483,0.6953657780699501,0.04251769185066223,0.20619818585686497,0.7810163497924805,0.8410078883171082,0.0010455779265612364,0.6274849772453308,3.611137628555298,5.678892135620117,23.045677185058594,0.20621848106384277,7.101643296580196,7.746366362003081,0.19922468066215515,0.3058326840400696,0.15346984565258026,0.3788672983646393,0.2616242468357086,0.41497209668159485,0.014052888378500938,0.02918463759124279,Spine,SP18,S82212_eT2W_TSE_DRIVE_HR_20260225155723_702_i00008,2.599
15.548741879379035,0.7193833791314627,0.02786928415298462,0.16694096008165468,0.808673083782196,0.8553896546363831,0.0006814335356466472,0.5898644924163818,3.419900417327881,4.93251371383667,25.176544189453125,0.1698804795742035,7.048330333240515,7.607590164082073,0.18568319082260132,0.27122026681900024,0.1553521305322647,0.3119202256202698,0.24126312136650085,0.3576357662677765,0.01294829323887825,0.029184643179178238,Spine,SP18,S82212_eT2W_TSE_DRIVE_HR_20260225155723_702_i00020,3.015
13.690340769324791,0.6820067241094606,0.042752932757139206,0.20676782331189542,0.7783387899398804,0.8268417716026306,0.0009300262317992747,0.5968481302261353,3.447270393371582,5.5501203536987305,23.788415908813477,0.20707854628562927,7.167161887627199,7.746939064668488,0.20063911378383636,0.2966327369213104,0.14961205422878265,0.3479689955711365,0.2549956440925598,0.40669476985931396,0.016733404248952866,0.029184643179178238,Spine,SP18,S82212_eT2W_TSE_DRIVE_HR_20260225155723_702_i00012,3.206
14.914609192085337,0.7243506164779024,0.032250694930553436,0.17958478479691267,0.8271127939224243,0.8555405735969543,0.0007464851951226592,0.5577340722084045,3.505039691925049,5.339067459106445,24.257858276367188,0.17986737191677094,7.199348427542841,7.68154662925137,0.21525628864765167,0.2951183319091797,0.17695756256580353,0.3396802246570587,0.2654927670955658,0.3863435685634613,0.01830345392227173,0.035021569579839706,Spine,SP18,S82212_eT2W_TSE_DRIVE_HR_20260225155723_702_i00016,3.223
19.335260072712625,0.6073863768252031,0.011653972789645195,0.10795356774857047,0.8772411346435547,0.8846258521080017,0.0006898405845277011,0.7500413060188293,2.4971563816070557,3.2604455947875977,43.818359375,0.0768388956785202,4.166295912324992,4.489198031570104,0.20349948108196259,0.2818698287010193,0.09420566260814667,0.19262734055519104,0.13217517733573914,0.18511030077934265,0.20717228949069977,0.0,Spine,SP18,S82212_T1W_TSE_sag_20260225155723_501,1.591
15.223585422552253,0.7293920802370993,0.0300359558314085,0.1733088452197651,0.8031670451164246,0.8545436263084412,0.0007852459675632417,0.6232349872589111,3.486967086791992,5.320644378662109,25.064729690551758,0.17924290895462036,7.074919706381759,7.607783046582578,0.18791647255420685,0.2753957211971283,0.17756570875644684,0.362736314535141,0.26314276456832886,0.39436593651771545,0.014679008163511753,0.01167385559529066,Spine,SP18,S82212_eT2W_TSE_DRIVE_HR_20260225155723_702_i00023,2.721
15.826837872802495,0.655716643582979,0.026140641421079636,0.16168067732750144,0.6433093547821045,0.7933712601661682,0.0005591482040472329,1.2250572443008423,1.2916709184646606,2.583402156829834,63.47857666015625,0.08509029448032379,3.9521304962597306,4.449547602840191,0.1502130925655365,0.26794394850730896,0.026988185942173004,0.08266075700521469,0.0699664056301117,0.12437447160482407,0.142477884888649,0.0,Spine,SP18,S82212_eT2W_TSE_CLEAR_20260225155723_402,4.72
13.82927660009165,0.7482644805291391,0.041406866163015366,0.2034867714693399,0.771427571773529,0.8183783292770386,0.0011909663444384933,0.8012034296989441,3.6393232345581055,5.436864852905273,25.06366539001465,0.2050786018371582,7.205072522899758,7.663935640530182,0.17051318287849426,0.26530325412750244,0.1450333148241043,0.39304646849632263,0.2410547435283661,0.4110319912433624,0.06657937169075012,0.09961997717618942,Spine,SP19,S82213_eT1W_TSE_CLEAR_20260225151424_702_i00001,2.322
16.578673375738077,0.8249875686460096,0.021985314786434174,0.14827445763324906,0.8869478106498718,0.8745465874671936,0.0007826044457033277,0.6917048692703247,3.8473501205444336,5.665261268615723,24.092296600341797,0.1604914367198944,7.318989047395514,7.57308191223602,0.227634996175766,0.2919248044490814,0.22791802883148193,0.4297441840171814,0.29338857531547546,0.41994819045066833,0.00896721612662077,0.0,Spine,SP19,S82213_eT1W_TSE_CLEAR_20260225151424_702_i00006,2.244
13.413882341345465,0.7389965177600748,0.04556294530630112,0.21345478515671912,0.7783344388008118,0.8224050402641296,0.0011585456086322665,0.7058990001678467,4.1158246994018555,5.920882701873779,22.34817123413086,0.21327266097068787,7.381475292477109,7.697244430800859,0.1994973123073578,0.2894483804702759,0.1966404765844345,0.4530535340309143,0.27427154779434204,0.4473160207271576,0.04683127999305725,0.07617998868227005,Spine,SP19,S82213_eT1W_TSE_CLEAR_20260225151424_702_i00010,2.286
14.155667861085847,0.7180523780329683,0.038409020751714706,0.1959821949864699,0.7560611367225647,0.7919567823410034,0.0012401880230754614,0.778968095779419,4.057389736175537,5.4641900062561035,23.0869083404541,0.2074304223060608,6.946055703286132,7.575159065704732,0.16116774082183838,0.25608325004577637,0.15848425030708313,0.4170767664909363,0.23592059314250946,0.4182884693145752,0.010650715790688992,0.017579998821020126,Spine,SP19,S82213_eT1W_TSE_CLEAR_20260225151424_702_i00014,1.348
14.913664098898884,0.7187866046291019,0.03225771337747574,0.17960432449547462,0.7707633376121521,0.7848705053329468,0.0013084413949400187,0.8399391174316406,3.780165672302246,4.6772661209106445,25.62158203125,0.18424952030181885,6.5597257741950985,7.31584752612965,0.1603025496006012,0.22552835941314697,0.13916096091270447,0.3546299338340759,0.1993250548839569,0.3537074625492096,0.0025896590668708086,0.0,Spine,SP19,S82213_eT1W_TSE_CLEAR_20260225151424_702_i00026,1.345
14.16094658921622,0.7260712315233558,0.03836236149072647,0.19586311927140973,0.8176618218421936,0.863556981086731,0.0009692597668617964,0.5940634608268738,4.285409450531006,5.807003974914551,20.858898162841797,0.1991947889328003,7.265763295127319,7.718086312611005,0.21248595416545868,0.3021512031555176,0.22071833908557892,0.4565514326095581,0.28895488381385803,0.4296075403690338,0.017407981678843498,0.035021569579839706,Spine,SP19,S82213_eT2W_TSE_DRIVE_HR_20260225151424_602_i00010,2.464
16.594619001779456,0.7717297946121047,0.02190473861992359,0.1480024953165439,0.8622151017189026,0.8860132694244385,0.0007159679662436247,0.5984306931495667,4.04536247253418,5.15476655960083,23.58939552307129,0.15699605643749237,7.105523431363351,7.540217382431829,0.20520146191120148,0.26671427488327026,0.24236942827701569,0.4210609197616577,0.2785486876964569,0.38211530447006226,0.003985429182648659,0.0,Spine,SP19,S82213_eT2W_TSE_DRIVE_HR_20260225151424_602_i00026,1.917
15.130766219577756,0.7607413807416441,0.030684806406497955,0.1751707921044429,0.8378315567970276,0.8791226744651794,0.0008339378982782364,0.5788458585739136,4.546646595001221,5.86090087890625,20.004655838012695,0.18621696531772614,7.318116780570784,7.727280885115805,0.2054082155227661,0.2905425429344177,0.2572643756866455,0.490350604057312,0.30931881070137024,0.4408152103424072,0.012564233504235744,0.01167385745793581,Spine,SP19,S82213_eT2W_TSE_DRIVE_HR_20260225151424_602_i00014,2.09
14.432525035308537,0.7228870381944574,0.036036908626556396,0.18983389746448445,0.8280144929885864,0.8597666025161743,0.0009264122927561402,0.5810601115226746,3.9354848861694336,5.708281517028809,22.02526092529297,0.19075006246566772,7.207446330080706,7.641973825615586,0.22805923223495483,0.31645092368125916,0.2048974186182022,0.41703593730926514,0.27981990575790405,0.41258344054222107,0.00920857023447752,0.01167385559529066,Spine,SP19,S82213_eT2W_TSE_DRIVE_HR_20260225151424_602_i00006,2.958
13.610240114907947,0.7245581720904468,0.04354877769947052,0.20868343896790306,0.8059333562850952,0.8512401580810547,0.0009730968740768731,0.6191306114196777,3.8061320781707764,5.675470352172852,22.497400283813477,0.20555394887924194,7.321213402920212,7.760288436883816,0.20927691459655762,0.3058297336101532,0.174747496843338,0.3985830843448639,0.26986777782440186,0.4146274924278259,0.02334771119058132,0.040858492255210876,Spine,SP19,S82213_eT2W_TSE_DRIVE_HR_20260225151424_602_i00001,3.114
20.708691451602725,0.8656484904196936,0.008494364097714424,0.09216487453316705,0.9276096820831299,0.8958646655082703,0.0005906851729378104,0.6959198117256165,2.627331495285034,3.485302686691284,40.93331527709961,0.0735345333814621,4.80555580520727,5.1367446293756815,0.22307603061199188,0.2947777807712555,0.11884113401174545,0.2046288400888443,0.15495312213897705,0.20277908444404602,0.2323988527059555,0.0,Spine,SP19,S82213_T1W_TSE_sag_20260225151424_501,0.968
17.249095100431436,0.6151525009591335,0.01884041354060173,0.13726038591160136,0.7910559773445129,0.8626368641853333,0.0003964758652728051,1.0396910905838013,1.40055251121521,2.835310459136963,58.8135871887207,0.0805048942565918,4.696683580486334,5.14434188472611,0.18805553019046783,0.2782604396343231,0.04593939706683159,0.09332475811243057,0.09841357171535492,0.14440099895000458,0.18394964933395386,0.0,Spine,SP19,S82213_eT2W_TSE_CLEAR_20260225151424_402,4.405
17.386739667013572,0.5454743488420568,0.018252654001116753,0.13510238340279845,0.7985538244247437,0.7915876507759094,0.0004258895351085812,0.9794242978096008,1.621922492980957,2.802799701690674,55.299156188964844,0.10187341272830963,4.986544330458592,5.54094394654467,0.1452399492263794,0.26186472177505493,0.04578932747244835,0.09259781241416931,0.08945237845182419,0.14934833347797394,0.0,0.0,Spine,SP19,S82213_MobiView_SURVEY_SAG_20260225151424_202,1.705
